gene_id,gene_name
ENSG00000235146.2,AC114498.1
ENSG00000283259.1,AC242022.1
ENSG00000264078.1,AC114488.2
ENSG00000224409.1,AC114489.1
ENSG00000229528.1,AC119677.1
ENSG00000234917.2,AC098484.2
ENSG00000283580.3,AC098484.3
ENSG00000229846.2,AC099788.1
ENSG00000238140.1,AC104170.1
ENSG00000285954.1,AC119428.2
ENSG00000237453.1,AC096536.1
ENSG00000260971.4,AC119674.1
ENSG00000284686.1,AC119674.2
ENSG00000270457.1,AC093424.1
ENSG00000231252.3,AC099792.1
ENSG00000271200.1,AC099791.2
ENSG00000235545.1,AC103923.1
ENSG00000234318.1,AC099794.1
ENSG00000237324.3,AC093158.1
ENSG00000272864.1,AC135803.1
ENSG00000225605.3,AC092813.1
ENSG00000230027.2,AC092813.2
ENSG00000272855.1,AC104458.1
ENSG00000233099.1,AC095030.1
ENSG00000273338.1,AC103591.3
ENSG00000285409.1,AC099671.1
ENSG00000236676.1,AC117944.1
ENSG00000267561.2,AC093155.3
ENSG00000284734.1,AC099063.4
ENSG00000271949.1,AC093423.3
ENSG00000273487.1,AC104836.1
ENSG00000236098.1,AC097059.1
ENSG00000226026.6,AC092802.1
ENSG00000228852.6,AC092802.2
ENSG00000228084.1,AC118553.1
ENSG00000283761.1,AC118553.2
ENSG00000241073.1,AC093019.2
ENSG00000273204.1,AC104506.1
ENSG00000233184.7,AC093157.1
ENSG00000233359.2,AC114485.1
ENSG00000230864.1,AC099567.1
ENSG00000230759.1,AC095032.2
ENSG00000234998.1,AC244453.3
ENSG00000227193.2,AC244453.1
ENSG00000232721.2,AC239800.2
ENSG00000270962.1,AC239800.3
ENSG00000230186.3,AC246680.1
ENSG00000276756.4,AC245595.1
ENSG00000237343.1,AC246785.3
ENSG00000276216.1,AC245014.3
ENSG00000236140.1,AC245014.1
ENSG00000287190.1,AC239799.2
ENSG00000287978.1,AC245407.2
ENSG00000227242.4,AC244394.2
ENSG00000237188.5,AC242426.2
ENSG00000273059.1,AC239803.1
ENSG00000227733.10,AC239809.3
ENSG00000224481.3,AC245100.1
ENSG00000285062.1,AC245100.7
ENSG00000255148.2,AC239802.2
ENSG00000254539.1,AC239804.1
ENSG00000274265.5,AC245297.3
ENSG00000272755.1,AC245297.2
ENSG00000276110.1,AC242988.1
ENSG00000236263.1,AC234582.1
ENSG00000230623.6,AC104461.1
ENSG00000224536.2,AC096677.1
ENSG00000226862.1,AC104463.2
ENSG00000224671.2,AC105940.1
ENSG00000226780.1,AC244035.1
ENSG00000287046.1,AC092810.3
ENSG00000284376.1,AC092017.3
ENSG00000231057.4,AC096637.2
ENSG00000226868.1,AC096637.1
ENSG00000286213.1,AC092803.2
ENSG00000228255.1,AC096639.1
ENSG00000274895.1,AC011700.1
ENSG00000277007.1,AC096642.1
ENSG00000237101.1,AC092809.4
ENSG00000227496.3,AC099066.2
ENSG00000235096.2,AC118555.1
ENSG00000224521.2,AC098483.1
ENSG00000236856.1,AC105393.2
ENSG00000233970.1,AC092159.2
ENSG00000227713.2,AC092159.1
ENSG00000228613.1,AC141930.1
ENSG00000284600.1,AC093390.2
ENSG00000234929.2,AC018685.2
ENSG00000237720.2,AC011995.2
ENSG00000236760.1,AC019118.2
ENSG00000235078.1,AC231981.1
ENSG00000286905.1,AC108488.2
ENSG00000271947.1,AC017076.1
ENSG00000223884.7,AC068481.1
ENSG00000272002.1,AC010904.2
ENSG00000226506.6,AC007463.1
ENSG00000239300.6,AC080162.1
ENSG00000271855.1,AC073195.1
ENSG00000240687.2,AC082651.1
ENSG00000244260.2,AC082651.4
ENSG00000243491.1,AC082651.3
ENSG00000269973.1,AC010969.2
ENSG00000233502.1,AC104794.2
ENSG00000212558.1,AC104794.1
ENSG00000206647.1,AC007240.1
ENSG00000234818.1,AC007314.1
ENSG00000272275.1,AC092687.3
ENSG00000232056.1,AC092687.1
ENSG00000145063.15,AC062028.1
ENSG00000230952.1,AC099344.1
ENSG00000223360.1,AC096559.1
ENSG00000229370.1,AC073062.1
ENSG00000227718.1,AC016730.1
ENSG00000235127.1,AC068286.1
ENSG00000226764.2,AC010145.1
ENSG00000236989.5,AC130710.1
ENSG00000228876.4,AC010745.2
ENSG00000223536.6,AC008164.1
ENSG00000260331.1,AC079148.1
ENSG00000234597.2,AC010096.1
ENSG00000271991.1,AC013400.1
ENSG00000227210.2,AC079145.1
ENSG00000233005.2,AC018742.1
ENSG00000228999.4,AC096570.1
ENSG00000232451.2,AC018467.1
ENSG00000223634.1,AC012506.2
ENSG00000235497.5,AC012506.4
ENSG00000224361.1,AC011239.1
ENSG00000283031.2,AC009242.1
ENSG00000276087.2,AC008073.3
ENSG00000232642.2,AC008073.2
ENSG00000242628.6,AC009228.1
ENSG00000272056.1,AC013472.2
ENSG00000272148.1,AC013403.2
ENSG00000234072.1,AC074117.1
ENSG00000223522.2,AC093690.1
ENSG00000270640.1,AC104695.3
ENSG00000270210.1,AC104695.2
ENSG00000230730.1,AC074011.1
ENSG00000226833.6,AC092164.1
ENSG00000273233.1,AC097724.1
ENSG00000233862.7,AC016907.2
ENSG00000226994.9,AC012593.1
ENSG00000236213.2,AC006369.1
ENSG00000229160.1,AC009229.2
ENSG00000227292.1,AC009229.1
ENSG00000235586.1,AC011247.1
ENSG00000269210.2,AC019171.1
ENSG00000226398.1,AC013480.1
ENSG00000224739.2,AC016735.1
ENSG00000234936.1,AC010883.1
ENSG00000228925.1,AC016722.2
ENSG00000273269.3,AC073283.3
ENSG00000226087.2,AC073283.2
ENSG00000233230.1,AC079807.1
ENSG00000230773.9,AC092650.1
ENSG00000279956.1,AC073082.1
ENSG00000282890.1,AC009975.1
ENSG00000282998.1,AC009975.2
ENSG00000282828.2,AC009971.1
ENSG00000231918.1,AC007402.1
ENSG00000228033.6,AC010967.1
ENSG00000234943.2,AC092839.1
ENSG00000238018.2,AC093110.1
ENSG00000212175.1,AC015982.1
ENSG00000272180.1,AC011306.1
ENSG00000233251.8,AC007743.1
ENSG00000273063.1,AC007250.1
ENSG00000271955.2,AC007100.1
ENSG00000271889.1,AC016747.2
ENSG00000270820.6,AC016727.1
ENSG00000277498.1,AC107081.2
ENSG00000229839.6,AC018462.1
ENSG00000228541.1,AC093159.1
ENSG00000226622.6,AC092155.1
ENSG00000226605.1,AC092567.1
ENSG00000270437.1,AC009501.1
ENSG00000225889.9,AC012368.1
ENSG00000237217.1,AC008074.1
ENSG00000234255.9,AC012370.2
ENSG00000281920.1,AC007389.3
ENSG00000273398.6,AC017083.3
ENSG00000273275.1,AC017083.2
ENSG00000273064.1,AC017083.1
ENSG00000231024.1,AC092431.1
ENSG00000229229.1,AC022201.1
ENSG00000235035.1,AC005234.1
ENSG00000258881.6,AC007040.2
ENSG00000228384.4,AC007040.1
ENSG00000236469.1,AC007881.2
ENSG00000272735.1,AC007881.3
ENSG00000273245.1,AC092653.1
ENSG00000217702.3,AC073263.1
ENSG00000264324.1,AC006030.1
ENSG00000159239.13,AC005041.1
ENSG00000272183.1,AC005041.3
ENSG00000236209.1,AC104135.1
ENSG00000270571.2,AC007681.1
ENSG00000231172.2,AC007099.1
ENSG00000270996.1,AC005034.4
ENSG00000287025.1,AC079117.1
ENSG00000227088.2,AC012494.1
ENSG00000230968.1,AC084149.1
ENSG00000277171.1,AC010975.1
ENSG00000237031.7,AC008067.1
ENSG00000230975.1,AC012355.1
ENSG00000231781.1,AC079896.1
ENSG00000237498.3,AC010105.1
ENSG00000228272.1,AC106874.1
ENSG00000229498.1,AC105053.1
ENSG00000272564.1,AC012511.1
ENSG00000273080.1,AC009309.1
ENSG00000228363.2,AC015971.1
ENSG00000225420.1,AC104134.1
ENSG00000287686.1,AC062029.1
ENSG00000261600.1,AC233266.2
ENSG00000233757.6,AC092835.1
ENSG00000272913.1,AC009237.14
ENSG00000273305.1,AC009237.15
ENSG00000230747.1,AC021188.1
ENSG00000235480.1,AC013270.1
ENSG00000277701.5,AC159540.2
ENSG00000230606.11,AC092683.1
ENSG00000278766.2,AC092683.2
ENSG00000222000.7,AC092675.1
ENSG00000241962.9,AC079447.1
ENSG00000273306.1,AC018690.1
ENSG00000230393.1,AC092667.1
ENSG00000228488.1,AC092168.1
ENSG00000287771.1,AC007271.1
ENSG00000229209.1,AC073987.1
ENSG00000230690.2,AC013402.1
ENSG00000287135.1,AC010884.1
ENSG00000272861.1,AC012360.2
ENSG00000235319.1,AC012360.1
ENSG00000238273.3,AC108058.1
ENSG00000235522.6,AC010978.1
ENSG00000233339.1,AC018878.1
ENSG00000227294.1,AC016994.1
ENSG00000225588.2,AC096669.1
ENSG00000282033.1,AC074387.1
ENSG00000284337.1,AC013271.1
ENSG00000257207.5,AC112229.3
ENSG00000270190.1,AC068491.2
ENSG00000228251.1,AC012442.1
ENSG00000237753.2,AC079922.2
ENSG00000234997.2,AC016745.1
ENSG00000272563.1,AC016745.2
ENSG00000227359.1,AC017074.1
ENSG00000244063.1,AC104653.2
ENSG00000228857.2,AC104653.1
ENSG00000270019.1,AC110769.2
ENSG00000238207.2,AC009312.1
ENSG00000236255.2,AC009404.1
ENSG00000235066.7,AC009303.2
ENSG00000224789.1,AC012363.1
ENSG00000229774.1,AC018866.1
ENSG00000265451.1,AC012447.1
ENSG00000228400.2,AC079154.1
ENSG00000260634.1,AC012508.2
ENSG00000260163.1,AC012508.1
ENSG00000286145.2,AC068282.1
ENSG00000231731.7,AC010976.1
ENSG00000272667.1,AC012306.2
ENSG00000225819.1,AC013269.2
ENSG00000232408.1,AC140481.2
ENSG00000229797.2,AC140481.1
ENSG00000233221.7,AC133785.1
ENSG00000284604.1,AC073869.5
ENSG00000283303.1,AC073869.3
ENSG00000272769.1,AC097532.2
ENSG00000228043.5,AC114763.1
ENSG00000241772.2,AC092620.1
ENSG00000226939.1,AC062021.1
ENSG00000257284.1,AC013437.1
ENSG00000228655.7,AC079793.1
ENSG00000283994.1,AC092652.2
ENSG00000257277.2,AC092652.1
ENSG00000257226.2,AC079584.2
ENSG00000236356.1,AC079584.1
ENSG00000232377.1,AC016910.1
ENSG00000275372.1,AC009951.2
ENSG00000235435.1,AC096666.1
ENSG00000222031.1,AC023469.1
ENSG00000236885.2,AC018731.1
ENSG00000283228.1,AC068547.1
ENSG00000225214.1,AC079790.1
ENSG00000224675.1,AC009227.1
ENSG00000287900.1,AC061961.1
ENSG00000234584.1,AC019186.1
ENSG00000231675.1,AC005042.2
ENSG00000223642.7,AC008277.1
ENSG00000224152.1,AC009506.1
ENSG00000226266.6,AC009961.1
ENSG00000232337.1,AC009313.1
ENSG00000236841.8,AC007750.1
ENSG00000237844.2,AC016766.1
ENSG00000236283.5,AC019197.1
ENSG00000235192.1,AC009495.3
ENSG00000229195.1,AC009495.1
ENSG00000228222.1,AC073050.1
ENSG00000251569.1,AC093899.2
ENSG00000213981.8,AC007277.1
ENSG00000234350.5,AC007405.1
ENSG00000239467.6,AC007405.3
ENSG00000232555.2,AC104088.1
ENSG00000278924.1,AC078883.3
ENSG00000225205.5,AC078883.1
ENSG00000270460.1,AC106900.1
ENSG00000237798.1,AC010894.3
ENSG00000229066.2,AC093459.1
ENSG00000235047.1,AC016751.2
ENSG00000272551.1,AC017048.3
ENSG00000230552.6,AC092162.2
ENSG00000236501.6,AC074286.1
ENSG00000271996.1,AC019080.4
ENSG00000237655.1,AC073834.1
ENSG00000270277.1,AC009948.1
ENSG00000237477.1,AC093911.1
ENSG00000225258.1,AC009478.1
ENSG00000238171.1,AC068196.1
ENSG00000260742.1,AC009962.1
ENSG00000221498.1,AC064871.1
ENSG00000272800.3,AC021851.1
ENSG00000234172.1,AC093639.1
ENSG00000283839.1,AC096667.1
ENSG00000259915.2,AC017071.1
ENSG00000227227.1,AC017101.1
ENSG00000224063.6,AC007319.1
ENSG00000273240.1,AC013468.1
ENSG00000233654.2,AC108047.1
ENSG00000228509.6,AC006460.1
ENSG00000227542.1,AC092614.1
ENSG00000235056.1,AC010983.1
ENSG00000224099.2,AC104823.1
ENSG00000271893.1,AC064834.1
ENSG00000272211.1,AC114760.2
ENSG00000222017.1,AC011997.1
ENSG00000225421.2,AC019330.1
ENSG00000231557.1,AC020718.1
ENSG00000257045.1,AC016746.1
ENSG00000183308.6,AC005037.1
ENSG00000273209.1,AC069148.1
ENSG00000231903.1,AC079354.1
ENSG00000286223.1,AC064836.3
ENSG00000273456.1,AC064836.2
ENSG00000225610.1,AC007679.1
ENSG00000231955.1,AC007383.2
ENSG00000277502.1,AC007383.3
ENSG00000229321.2,AC008269.1
ENSG00000224342.1,AC007879.1
ENSG00000234902.6,AC007879.3
ENSG00000223725.6,AC009226.1
ENSG00000272851.1,AC096772.1
ENSG00000272807.1,AC007038.1
ENSG00000270659.1,AC079610.1
ENSG00000272519.1,AC079610.2
ENSG00000197585.10,AC068051.1
ENSG00000227769.7,AC072062.1
ENSG00000237525.7,AC012668.3
ENSG00000226276.1,AC093382.1
ENSG00000231092.1,AC012513.1
ENSG00000233581.1,AC069155.1
ENSG00000225794.3,AC073321.1
ENSG00000236886.2,AC007563.2
ENSG00000259855.1,AC007749.1
ENSG00000272555.1,AC009974.1
ENSG00000235024.1,AC097468.2
ENSG00000286606.1,AC097468.3
ENSG00000232789.1,AC053503.2
ENSG00000229525.1,AC053503.1
ENSG00000269068.1,AC009955.4
ENSG00000239498.1,AC019211.1
ENSG00000236451.3,AC067956.1
ENSG00000224819.2,AC093843.1
ENSG00000273301.1,AC016717.2
ENSG00000272622.2,AC010735.2
ENSG00000225963.8,AC009950.1
ENSG00000235419.5,AC010149.1
ENSG00000270891.1,AC012507.2
ENSG00000227033.1,AC019130.1
ENSG00000237126.8,AC073254.1
ENSG00000228162.1,AC097713.1
ENSG00000233611.3,AC019068.1
ENSG00000124835.2,AC105760.1
ENSG00000222032.1,AC112721.2
ENSG00000234949.2,AC104667.2
ENSG00000227107.1,AC104667.1
ENSG00000283635.1,AC012485.3
ENSG00000220256.4,AC093802.1
ENSG00000235861.1,AC005237.1
ENSG00000273113.1,AC133528.1
ENSG00000224272.2,AC131097.2
ENSG00000235151.1,AC131097.3
ENSG00000235158.1,AC087430.1
ENSG00000253049.1,AC024060.1
ENSG00000223727.6,AC034195.1
ENSG00000235978.6,AC018816.1
ENSG00000233912.1,AC026202.2
ENSG00000229642.1,AC087857.1
ENSG00000226022.1,AC026167.1
ENSG00000189229.11,AC069277.1
ENSG00000228351.3,AC018832.1
ENSG00000269886.1,AC022382.1
ENSG00000269982.1,AC018809.2
ENSG00000272410.5,AC022384.1
ENSG00000272263.1,AC034198.2
ENSG00000268279.4,AC090004.1
ENSG00000255021.1,AC093496.1
ENSG00000283392.1,AC090952.2
ENSG00000274840.4,AC132807.2
ENSG00000282987.1,AC099753.1
ENSG00000265028.1,AC012087.1
ENSG00000237838.1,AC092422.1
ENSG00000283563.1,AC098650.1
ENSG00000272149.1,AC112211.1
ENSG00000227498.2,AC018359.1
ENSG00000271993.1,AC126118.1
ENSG00000271653.1,AC097359.3
ENSG00000284669.1,AC092053.3
ENSG00000231873.2,AC099560.1
ENSG00000281160.1,AC018358.1
ENSG00000230084.6,AC006059.1
ENSG00000235288.3,AC099329.1
ENSG00000273291.5,AC092042.3
ENSG00000272121.1,AC006058.3
ENSG00000261786.1,AC006058.1
ENSG00000271937.1,AC104187.1
ENSG00000277509.1,AC099669.1
ENSG00000272077.1,AC124045.1
ENSG00000251967.1,AC104304.1
ENSG00000260236.1,AC099778.1
ENSG00000244380.1,AC134772.1
ENSG00000235236.1,AC137630.2
ENSG00000223343.1,AC137630.1
ENSG00000272434.1,AC137630.3
ENSG00000225399.4,AC121247.1
ENSG00000243224.1,AC006252.1
ENSG00000272305.5,AC096887.1
ENSG00000271976.1,AC012467.2
ENSG00000242317.1,AC121764.1
ENSG00000273493.1,AC098479.1
ENSG00000272182.1,AC135507.1
ENSG00000242545.1,AC126121.2
ENSG00000271843.1,AC012557.1
ENSG00000272181.1,AC012557.2
ENSG00000244513.7,AC109587.1
ENSG00000277855.1,AC097634.3
ENSG00000272774.1,AC112219.2
ENSG00000244345.1,AC104435.2
ENSG00000242828.1,AC068756.1
ENSG00000241593.5,AC099542.1
ENSG00000242009.2,AC129807.1
ENSG00000261292.2,AC110491.1
ENSG00000282527.1,AC110491.3
ENSG00000279658.1,AC110491.2
ENSG00000251088.1,AC117473.1
ENSG00000248839.1,AC021660.2
ENSG00000239462.1,AC091212.1
ENSG00000243089.2,AC107029.1
ENSG00000244464.2,AC107029.2
ENSG00000273374.1,AC069222.1
ENSG00000239828.7,AC063944.1
ENSG00000242029.1,AC078980.1
ENSG00000239482.6,AC112487.1
ENSG00000272844.1,AC074044.1
ENSG00000240057.6,AC078785.1
ENSG00000239268.3,AC092691.1
ENSG00000243276.6,AC068633.1
ENSG00000251012.2,AC083800.1
ENSG00000272967.1,AC073352.1
ENSG00000242622.2,AC092910.3
ENSG00000273454.1,AC112503.2
ENSG00000272678.1,AC112503.1
ENSG00000248787.2,AC092903.2
ENSG00000250012.2,AC079848.1
ENSG00000250934.2,AC016924.1
ENSG00000251448.2,AC063919.1
ENSG00000261159.1,AC112484.3
ENSG00000231305.4,AC112484.1
ENSG00000273437.1,AC108673.3
ENSG00000250643.1,AC083906.3
ENSG00000250592.1,AC055733.2
ENSG00000250129.5,AC116424.1
ENSG00000249725.1,AC079942.1
ENSG00000250983.1,AC022296.3
ENSG00000260633.1,AC010207.1
ENSG00000273455.1,AC072039.2
ENSG00000261758.1,AC117382.2
ENSG00000273486.1,AC096992.2
ENSG00000272609.1,AC016252.1
ENSG00000251471.1,AC016933.1
ENSG00000249417.1,AC117383.1
ENSG00000268129.1,AC026304.1
ENSG00000243415.2,AC107021.1
ENSG00000243620.2,AC092957.1
ENSG00000239922.2,AC092958.1
ENSG00000241792.1,AC092958.2
ENSG00000240521.1,AC092979.1
ENSG00000242791.2,AC117395.1
ENSG00000243944.5,AC117386.2
ENSG00000241048.1,AC117386.1
ENSG00000239941.1,AC108718.1
ENSG00000243305.1,AC026347.1
ENSG00000244268.1,AC117394.2
ENSG00000241220.1,AC078788.1
ENSG00000243486.1,AC068985.1
ENSG00000284952.1,AC104472.3
ENSG00000272990.1,AC084036.1
ENSG00000241770.1,AC104411.1
ENSG00000242536.2,AC079943.2
ENSG00000243150.6,AC106707.1
ENSG00000260572.1,AC069224.1
ENSG00000241168.1,AC128685.1
ENSG00000240033.1,AC069439.2
ENSG00000244706.4,AC026353.1
ENSG00000241882.1,AC124893.1
ENSG00000273177.1,AC092954.2
ENSG00000269889.1,AC078802.1
ENSG00000269984.1,AC078795.1
ENSG00000270135.1,AC078795.3
ENSG00000270096.1,AC078795.2
ENSG00000239219.2,AC008040.1
ENSG00000239628.1,AC073288.1
ENSG00000242578.1,AC073288.2
ENSG00000286695.1,AC026316.5
ENSG00000237473.2,AC068759.1
ENSG00000226782.2,AC117465.1
ENSG00000270321.2,AC007953.2
ENSG00000201957.1,AC076966.1
ENSG00000242539.2,AC007620.2
ENSG00000272699.1,AC007620.3
ENSG00000239774.1,AC125618.1
ENSG00000239381.7,AC125613.1
ENSG00000240063.1,AC069431.1
ENSG00000273261.1,AC092953.2
ENSG00000272922.1,AC107294.1
ENSG00000197099.8,AC068631.1
ENSG00000283149.1,AC068631.2
ENSG00000263826.1,AC112907.3
ENSG00000231724.1,AC112907.1
ENSG00000198491.3,AC007920.1
ENSG00000283175.1,AC007920.2
ENSG00000228804.5,AC072022.1
ENSG00000234238.2,AC022498.1
ENSG00000223812.8,AC073365.1
ENSG00000232130.1,AC092966.1
ENSG00000238043.1,AC024559.1
ENSG00000232874.1,AC080129.2
ENSG00000229334.1,AC046143.1
ENSG00000223711.1,AC069213.1
ENSG00000229178.1,AC233280.1
ENSG00000231443.2,AC124944.1
ENSG00000272741.1,AC069257.3
ENSG00000237167.1,AC128709.3
ENSG00000273308.1,AC024560.3
ENSG00000236833.1,AC024560.1
ENSG00000273375.1,AC055764.2
ENSG00000281016.1,AC092574.2
ENSG00000272885.1,AC092574.1
ENSG00000283183.2,AC116565.1
ENSG00000248416.1,AC107464.1
ENSG00000272588.1,AC139887.4
ENSG00000249592.6,AC139887.2
ENSG00000251639.2,AC092535.3
ENSG00000251652.1,AC092535.4
ENSG00000212458.1,AC092535.1
ENSG00000244459.2,AC147067.1
ENSG00000248516.1,AC105415.1
ENSG00000251408.1,AC113615.1
ENSG00000170846.17,AC093323.1
ENSG00000245748.1,AC097382.2
ENSG00000273267.1,AC097381.3
ENSG00000251615.3,AC104825.1
ENSG00000205959.4,AC105345.1
ENSG00000261490.1,AC005674.1
ENSG00000251152.1,AC025539.1
ENSG00000249631.6,AC005699.1
ENSG00000250371.1,AC007370.2
ENSG00000250098.1,AC007370.1
ENSG00000250497.1,AC007126.1
ENSG00000251679.1,AC073848.1
ENSG00000249988.1,AC092546.1
ENSG00000251412.1,AC006296.2
ENSG00000273133.1,AC116651.1
ENSG00000248138.5,AC097515.1
ENSG00000249998.1,AC106894.1
ENSG00000249502.3,AC006160.1
ENSG00000248515.2,AC024230.1
ENSG00000272995.1,AC097505.1
ENSG00000250243.3,AC110296.1
ENSG00000250092.2,AC096576.3
ENSG00000248343.1,AC096576.2
ENSG00000250039.4,AC096719.1
ENSG00000248837.7,AC097512.1
ENSG00000249547.1,AC092440.1
ENSG00000250137.1,AC093607.1
ENSG00000249453.1,AC092834.1
ENSG00000250541.1,AC092436.2
ENSG00000251410.2,AC007106.1
ENSG00000250064.1,AC097480.1
ENSG00000248176.2,AC109349.1
ENSG00000249678.1,AC097716.1
ENSG00000250954.6,AC016687.3
ENSG00000250723.7,AC016687.2
ENSG00000247193.3,AC104078.1
ENSG00000251438.1,AC104078.2
ENSG00000271958.1,AC021860.1
ENSG00000249207.2,AC079921.1
ENSG00000255458.7,AC108471.2
ENSG00000250906.1,AC131953.1
ENSG00000249216.1,AC105389.2
ENSG00000272862.1,AC106052.1
ENSG00000285454.1,AC111006.1
ENSG00000250781.2,AC024022.1
ENSG00000248939.1,AC111198.1
ENSG00000272936.1,AC096586.1
ENSG00000249330.3,AC095060.1
ENSG00000282917.2,AC107068.2
ENSG00000259959.1,AC107068.1
ENSG00000272576.1,AC027271.1
ENSG00000248375.1,AC104066.2
ENSG00000248115.1,AC023154.1
ENSG00000282278.1,AC058822.1
ENSG00000272650.1,AC110792.3
ENSG00000250646.1,AC111194.2
ENSG00000273257.2,AC069200.1
ENSG00000272969.1,AC024243.1
ENSG00000269921.1,AC068620.1
ENSG00000270147.1,AC068620.2
ENSG00000250333.2,AC093725.2
ENSG00000251339.6,AC017091.1
ENSG00000249392.1,AC096588.1
ENSG00000205682.2,AC020741.1
ENSG00000250075.7,AC104806.2
ENSG00000272986.1,AC009570.1
ENSG00000250877.1,AC095056.1
ENSG00000221639.1,AC053527.1
ENSG00000249942.1,AC239584.1
ENSG00000248165.1,AC110760.1
ENSG00000251185.1,AC025244.1
ENSG00000248646.1,AC096759.1
ENSG00000250735.5,AC096759.2
ENSG00000224218.1,AC107072.1
ENSG00000249036.1,AC092674.1
ENSG00000260278.1,AC098818.2
ENSG00000248719.2,AC021127.1
ENSG00000273156.2,AC124016.1
ENSG00000250057.1,AC114781.2
ENSG00000285458.1,AC093827.5
ENSG00000249001.5,AC093895.1
ENSG00000286978.1,AC107067.1
ENSG00000270720.1,AC104785.1
ENSG00000274238.1,AC097478.1
ENSG00000248984.1,AC004054.1
ENSG00000249049.1,AC074124.1
ENSG00000246541.2,AC096746.1
ENSG00000271474.1,AC106881.1
ENSG00000214559.3,AC019077.1
ENSG00000251523.1,AC108159.1
ENSG00000260641.1,AC114811.2
ENSG00000263923.1,AC019131.1
ENSG00000272777.1,AC019131.2
ENSG00000248676.1,AC083902.1
ENSG00000250403.1,AC097460.1
ENSG00000248161.5,AC098487.1
ENSG00000251288.2,AC018797.2
ENSG00000251577.5,AC105460.2
ENSG00000251170.6,AC004052.1
ENSG00000248242.1,AC004053.1
ENSG00000248373.6,AC096577.1
ENSG00000251259.1,AC004069.1
ENSG00000249635.1,AC109361.1
ENSG00000249604.1,AC096564.1
ENSG00000285330.1,AC126283.1
ENSG00000249815.2,AC004704.1
ENSG00000260526.1,AC109347.1
ENSG00000272567.1,AC109347.2
ENSG00000250046.3,AC106864.1
ENSG00000249373.2,AC093879.1
ENSG00000260091.1,AC093752.2
ENSG00000261501.1,AC079341.1
ENSG00000273007.2,AC021205.3
ENSG00000249125.2,AC093821.1
ENSG00000249837.1,AC121154.1
ENSG00000250945.1,AC096773.1
ENSG00000248491.6,AC093772.1
ENSG00000261668.1,AC093591.2
ENSG00000248802.1,AC078850.2
ENSG00000251555.1,AC096711.2
ENSG00000251488.1,AC115622.1
ENSG00000249513.2,AC110751.1
ENSG00000250241.6,AC105383.1
ENSG00000251388.1,AC079380.1
ENSG00000248434.1,AC107463.1
ENSG00000251567.5,AC018680.1
ENSG00000250777.2,AC131956.2
ENSG00000250501.3,AC093766.1
ENSG00000250195.1,AC109927.1
ENSG00000248863.2,AC097376.2
ENSG00000273472.1,AC096733.2
ENSG00000249806.1,AC139720.1
ENSG00000250326.2,AC104596.1
ENSG00000250969.1,AC097658.2
ENSG00000250406.2,AC109811.1
ENSG00000251298.1,AC093835.1
ENSG00000250354.1,AC069272.1
ENSG00000250357.1,AC108935.1
ENSG00000249752.1,AC108156.1
ENSG00000250905.1,AC093893.1
ENSG00000270681.1,AC095055.1
ENSG00000270265.1,AC104819.3
ENSG00000251455.1,AC092611.1
ENSG00000249818.2,AC097375.2
ENSG00000248991.1,AC097375.1
ENSG00000250706.1,AC079340.1
ENSG00000251377.2,AC079340.2
ENSG00000270302.1,AC080078.1
ENSG00000270883.1,AC080078.2
ENSG00000249309.1,AC020703.1
ENSG00000280241.4,AC079298.3
ENSG00000250910.8,AC097467.3
ENSG00000250538.6,AC104407.1
ENSG00000251244.2,AC107208.1
ENSG00000249275.1,AC093817.1
ENSG00000250604.1,AC098679.1
ENSG00000249901.1,AC121161.2
ENSG00000249419.1,AC023136.1
ENSG00000250027.1,AC022272.1
ENSG00000273449.1,AC093788.1
ENSG00000249675.1,AC097487.1
ENSG00000248601.1,AC116634.1
ENSG00000249609.1,AC080188.1
ENSG00000251171.1,AC096741.1
ENSG00000249955.2,AC084866.1
ENSG00000245213.7,AC105285.1
ENSG00000248774.1,AC097534.1
ENSG00000251216.2,AC106895.2
ENSG00000249875.1,AC116616.1
ENSG00000250431.1,AC105914.2
ENSG00000248551.1,AC095050.1
ENSG00000249106.1,AC097537.1
ENSG00000248388.5,AC093801.1
ENSG00000249458.1,AC092673.1
ENSG00000249008.1,AC097518.1
ENSG00000249084.1,AC027627.1
ENSG00000250131.2,AC078881.1
ENSG00000250993.1,AC020551.1
ENSG00000249883.1,AC104803.1
ENSG00000248816.1,AC079226.2
ENSG00000272646.1,AC079766.1
ENSG00000232648.4,AC107214.1
ENSG00000272744.1,AC107214.2
ENSG00000251147.1,AC084871.2
ENSG00000250410.1,AC112722.1
ENSG00000249679.2,AC106897.1
ENSG00000233110.1,AC093797.1
ENSG00000235902.1,AC108472.1
ENSG00000272297.2,AC018709.1
ENSG00000249642.2,AC097521.1
ENSG00000249269.2,AC093909.2
ENSG00000250626.3,AC093909.4
ENSG00000248925.1,AC021087.1
ENSG00000249650.1,AC106772.1
ENSG00000251532.1,AC091849.2
ENSG00000271119.1,AC026412.3
ENSG00000249731.1,AC126768.2
ENSG00000249994.1,AC025187.1
ENSG00000248973.3,AC106799.2
ENSG00000250866.1,AC022424.1
ENSG00000261037.1,AC010266.2
ENSG00000250761.2,AC093305.1
ENSG00000260981.1,AC091932.1
ENSG00000250619.1,AC021088.1
ENSG00000248537.1,AC091906.1
ENSG00000272417.1,AC034229.4
ENSG00000248968.1,AC012640.1
ENSG00000271980.1,AC012640.4
ENSG00000259802.1,AC012640.2
ENSG00000278865.1,AC012629.2
ENSG00000251423.3,AC016576.1
ENSG00000261360.1,AC010491.1
ENSG00000272057.1,AC016575.1
ENSG00000250448.1,AC092335.1
ENSG00000250415.1,AC022113.1
ENSG00000271892.1,AC026790.1
ENSG00000249174.1,AC106744.1
ENSG00000249359.3,AC093274.1
ENSG00000272130.1,AC091946.2
ENSG00000253766.1,AC091946.1
ENSG00000251294.1,AC091885.2
ENSG00000251654.2,AC099499.1
ENSG00000251033.1,AC113347.4
ENSG00000250453.2,AC008825.1
ENSG00000254138.1,AC113386.1
ENSG00000250764.1,AC025178.1
ENSG00000272086.1,AC025181.2
ENSG00000250697.2,AC010343.3
ENSG00000249572.1,AC034231.1
ENSG00000248969.1,AC137810.1
ENSG00000274441.1,AC008957.2
ENSG00000250155.2,AC008957.1
ENSG00000272103.2,AC026741.1
ENSG00000248533.1,AC034226.1
ENSG00000251189.1,AC010425.1
ENSG00000272234.1,AC008945.1
ENSG00000271788.1,AC008875.1
ENSG00000251131.2,AC025171.3
ENSG00000215068.8,AC025171.2
ENSG00000272144.1,AC025171.4
ENSG00000261604.1,AC114947.2
ENSG00000249492.2,AC114956.2
ENSG00000248240.1,AC114956.1
ENSG00000249276.1,AC104119.1
ENSG00000250418.1,AC093292.1
ENSG00000248779.1,AC093297.1
ENSG00000272335.1,AC093297.2
ENSG00000248148.1,AC114954.1
ENSG00000250122.1,AC122694.1
ENSG00000248898.3,AC022126.1
ENSG00000249899.6,AC025180.1
ENSG00000272123.1,AC008966.2
ENSG00000247796.3,AC008966.1
ENSG00000272416.1,AC025175.1
ENSG00000251307.1,AC026704.1
ENSG00000249236.2,AC008892.1
ENSG00000237705.1,AC008937.2
ENSG00000235635.1,AC016644.1
ENSG00000250961.2,AC025470.2
ENSG00000287709.1,AC008780.1
ENSG00000248475.5,AC016642.1
ENSG00000247345.2,AC092343.1
ENSG00000248529.5,AC026746.1
ENSG00000272370.1,AC092354.2
ENSG00000272354.1,AC092354.1
ENSG00000252904.1,AC010359.1
ENSG00000251206.1,AC010420.1
ENSG00000249364.6,AC112206.2
ENSG00000250421.5,AC106798.1
ENSG00000248884.1,AC010280.2
ENSG00000248359.2,AC010280.1
ENSG00000249335.2,AC093523.1
ENSG00000248664.1,AC010273.2
ENSG00000220986.1,AC010273.1
ENSG00000249295.1,AC145146.1
ENSG00000249085.1,AC035140.1
ENSG00000272081.1,AC008972.2
ENSG00000249743.6,AC116345.1
ENSG00000212363.1,AC010501.1
ENSG00000249856.1,AC116337.3
ENSG00000247372.2,AC008897.2
ENSG00000272040.1,AC010245.2
ENSG00000248127.1,AC026774.1
ENSG00000250348.1,AC113404.1
ENSG00000225407.3,AC025188.1
ENSG00000285000.1,AC008581.2
ENSG00000284762.1,AC022414.1
ENSG00000250258.1,AC008496.2
ENSG00000251675.1,AC010260.1
ENSG00000249042.6,AC008771.1
ENSG00000249483.1,AC026726.1
ENSG00000271862.1,AC104118.1
ENSG00000249061.1,AC109492.1
ENSG00000285190.1,AC018754.1
ENSG00000271904.1,AC091826.2
ENSG00000250377.2,AC008525.1
ENSG00000249776.5,AC124854.1
ENSG00000249984.1,AC026780.2
ENSG00000251361.1,AC012625.1
ENSG00000249175.1,AC008534.1
ENSG00000250240.6,AC008840.1
ENSG00000272021.1,AC008592.4
ENSG00000251314.2,AC104123.1
ENSG00000250955.1,AC008592.2
ENSG00000248734.2,AC008906.1
ENSG00000272109.2,AC008906.2
ENSG00000247121.7,AC009126.1
ENSG00000248758.1,AC008883.1
ENSG00000279232.2,AC008522.1
ENSG00000247877.7,AC021086.1
ENSG00000251574.8,AC099520.1
ENSG00000250383.1,AC008871.1
ENSG00000249476.2,AC008467.1
ENSG00000253613.2,AC008572.1
ENSG00000248268.1,AC010275.1
ENSG00000251187.5,AC010261.2
ENSG00000251076.1,AC104126.1
ENSG00000258864.1,AC008575.1
ENSG00000232633.4,AC079465.1
ENSG00000246316.8,AC010230.1
ENSG00000249249.2,AC010226.1
ENSG00000272265.1,AC034236.3
ENSG00000271918.1,AC034236.2
ENSG00000250015.1,AC018752.1
ENSG00000249150.2,AC010267.1
ENSG00000249426.1,AC093206.1
ENSG00000249494.6,AC008629.1
ENSG00000251293.1,AC008574.1
ENSG00000261036.2,AC113418.1
ENSG00000248927.1,AC114284.1
ENSG00000229855.9,AC008568.1
ENSG00000247311.3,AC010255.1
ENSG00000272139.1,AC113349.2
ENSG00000249916.1,AC119150.1
ENSG00000248296.1,AC025465.1
ENSG00000249112.1,AC112196.1
ENSG00000250602.6,AC093535.1
ENSG00000283897.2,AC011416.3
ENSG00000248799.1,AC022118.1
ENSG00000250603.1,AC068658.1
ENSG00000251680.6,AC008591.1
ENSG00000273217.1,AC008695.1
ENSG00000281938.2,AC034228.3
ENSG00000231585.1,AC034228.1
ENSG00000230612.3,AC004039.1
ENSG00000248245.1,AC010307.2
ENSG00000249478.1,AC010307.3
ENSG00000250244.5,AC010307.4
ENSG00000271737.1,AC008608.2
ENSG00000272772.1,AC104109.3
ENSG00000248559.1,AC109454.2
ENSG00000250564.2,AC109454.3
ENSG00000250994.1,AC005355.1
ENSG00000270021.1,AC026691.1
ENSG00000254239.1,AC002428.2
ENSG00000250159.7,AC106791.1
ENSG00000246323.2,AC113382.1
ENSG00000253404.1,AC034243.1
ENSG00000249593.6,AC011405.1
ENSG00000272742.1,AC135457.1
ENSG00000272255.1,AC113361.1
ENSG00000249526.1,AC008667.1
ENSG00000253965.1,AC008438.2
ENSG00000249637.2,AC008438.1
ENSG00000279726.2,AC005609.5
ENSG00000279047.4,AC244517.5
ENSG00000272154.5,AC244517.2
ENSG00000272108.1,AC244517.1
ENSG00000280029.4,AC244517.11
ENSG00000280336.1,AC244517.12
ENSG00000279068.1,AC244517.6
ENSG00000279983.1,AC244517.10
ENSG00000272070.1,AC005618.1
ENSG00000273557.1,AC008781.2
ENSG00000228737.2,AC008781.1
ENSG00000271871.1,AC005740.4
ENSG00000254099.1,AC005740.3
ENSG00000249429.1,AC016598.1
ENSG00000251031.2,AC132803.1
ENSG00000250842.1,AC137770.1
ENSG00000248125.2,AC008700.1
ENSG00000251556.1,AC091887.1
ENSG00000250025.2,AC011396.2
ENSG00000250407.1,AC008728.1
ENSG00000272239.1,AC011373.1
ENSG00000283653.1,AC091948.1
ENSG00000251330.3,AC114939.1
ENSG00000248647.2,AC012613.1
ENSG00000253852.1,AC011383.1
ENSG00000271795.1,AC011337.1
ENSG00000260581.1,AC011374.1
ENSG00000272112.1,AC011374.2
ENSG00000253921.1,AC091982.1
ENSG00000254163.1,AC025434.1
ENSG00000254246.1,AC011377.1
ENSG00000253980.1,AC010609.1
ENSG00000253653.1,AC009185.1
ENSG00000248544.2,AC008676.1
ENSG00000253673.1,AC025437.4
ENSG00000254350.1,AC091979.1
ENSG00000254135.3,AC091939.1
ENSG00000252458.1,AC134043.1
ENSG00000249738.10,AC008691.1
ENSG00000253687.1,AC008456.1
ENSG00000254391.1,AC011363.1
ENSG00000253403.1,AC091944.1
ENSG00000254186.3,AC113414.1
ENSG00000253331.1,AC008662.1
ENSG00000241956.10,AC109466.1
ENSG00000253693.1,AC008415.1
ENSG00000254171.1,AC114321.1
ENSG00000253713.1,AC091819.2
ENSG00000254365.1,AC091820.2
ENSG00000254187.1,AC008708.2
ENSG00000253660.1,AC008464.1
ENSG00000253925.1,AC011369.1
ENSG00000254192.1,AC011365.1
ENSG00000248965.1,AC011389.1
ENSG00000253736.3,AC022217.3
ENSG00000204758.8,AC008429.1
ENSG00000254295.1,AC008429.3
ENSG00000253968.2,AC016573.1
ENSG00000253141.2,AC008632.1
ENSG00000251670.1,AC113346.2
ENSG00000250992.2,AC139491.3
ENSG00000248469.1,AC139491.1
ENSG00000285476.1,AC139491.7
ENSG00000251458.1,AC139491.4
ENSG00000250909.1,AC138956.1
ENSG00000251414.1,AC138956.2
ENSG00000248484.1,AC113391.1
ENSG00000251446.1,AC113391.2
ENSG00000247679.3,AC139795.2
ENSG00000249849.1,AC138819.1
ENSG00000249109.1,AC140125.2
ENSG00000250101.1,AC106795.3
ENSG00000254035.1,AC104117.3
ENSG00000253652.1,AC136628.4
ENSG00000250999.2,AC136604.2
ENSG00000245317.2,AC008393.1
ENSG00000248367.1,AC008610.1
ENSG00000250222.2,AC008443.4
ENSG00000286310.1,AC008443.6
ENSG00000274525.1,AC008443.5
ENSG00000238035.8,AC138035.1
ENSG00000229852.4,AC019205.1
ENSG00000232325.4,AC093627.1
ENSG00000242474.3,AC093627.5
ENSG00000240859.3,AC093627.4
ENSG00000240093.1,AC093627.3
ENSG00000234471.1,AC147651.1
ENSG00000273151.1,AC073957.3
ENSG00000225146.1,AC073957.1
ENSG00000224079.1,AC091729.1
ENSG00000226291.1,AC091729.2
ENSG00000273230.1,AC102953.2
ENSG00000176349.11,AC104129.1
ENSG00000217455.8,AC073316.1
ENSG00000188365.3,AC092171.1
ENSG00000272953.1,AC092171.4
ENSG00000234432.4,AC092171.3
ENSG00000273084.1,AC092171.5
ENSG00000232581.1,AC079742.1
ENSG00000228010.6,AC073343.2
ENSG00000272732.1,AC004982.1
ENSG00000272745.1,AC004948.1
ENSG00000233264.2,AC006042.2
ENSG00000229970.3,AC007128.1
ENSG00000278254.4,AC004852.2
ENSG00000234710.2,AC060834.2
ENSG00000230435.1,AC004160.2
ENSG00000226690.8,AC013470.2
ENSG00000229618.3,AC011287.1
ENSG00000237713.1,AC011287.2
ENSG00000226323.1,AC006150.1
ENSG00000237070.1,AC005550.2
ENSG00000229379.1,AC006041.1
ENSG00000272361.2,AC005014.2
ENSG00000235837.1,AC073333.1
ENSG00000237773.7,AC073332.1
ENSG00000283321.1,AC019117.1
ENSG00000229533.1,AC003986.1
ENSG00000223838.2,AC007091.1
ENSG00000237921.2,AC004543.1
ENSG00000267055.1,AC007001.1
ENSG00000200753.1,AC004130.1
ENSG00000232949.2,AC002480.2
ENSG00000226816.3,AC005082.1
ENSG00000228944.1,AC004485.1
ENSG00000223561.7,AC005165.1
ENSG00000225792.2,AC004540.2
ENSG00000214870.9,AC004540.1
ENSG00000224322.2,AC004009.1
ENSG00000228421.2,AC005013.1
ENSG00000285081.1,AC004593.1
ENSG00000223813.3,AC007255.1
ENSG00000231519.1,AC007285.1
ENSG00000281593.1,AC006978.2
ENSG00000281039.1,AC005154.5
ENSG00000250424.4,AC004691.2
ENSG00000251999.1,AC018645.2
ENSG00000272905.1,AC018648.1
ENSG00000233219.1,AC008080.3
ENSG00000236212.2,AC009262.1
ENSG00000271122.1,AC018647.2
ENSG00000227544.10,AC018647.1
ENSG00000232930.2,AC083864.2
ENSG00000260070.1,AC006960.3
ENSG00000237400.1,AC006960.2
ENSG00000272984.1,AC007349.4
ENSG00000229424.1,AC007349.1
ENSG00000272908.1,AC006033.2
ENSG00000227172.2,AC011290.1
ENSG00000259826.1,AC072061.1
ENSG00000231539.1,AC010132.1
ENSG00000261019.1,AC010132.4
ENSG00000256646.8,AC010132.3
ENSG00000232006.9,AC005537.1
ENSG00000228680.1,AC004692.2
ENSG00000228434.1,AC004951.1
ENSG00000272768.1,AC004854.2
ENSG00000225537.1,AC073325.1
ENSG00000229628.1,AC073115.1
ENSG00000237760.1,AC023669.2
ENSG00000233539.5,AC011294.1
ENSG00000232072.1,AC004870.4
ENSG00000229192.6,AC004870.3
ENSG00000201133.1,AC004830.1
ENSG00000229403.1,AC005999.1
ENSG00000228735.1,AC011228.1
ENSG00000223475.1,AC099681.1
ENSG00000249773.3,AC092647.5
ENSG00000260653.6,AC237221.1
ENSG00000236574.1,AC092634.5
ENSG00000227910.1,AC092634.3
ENSG00000229881.1,AC091685.1
ENSG00000189316.3,AC073349.1
ENSG00000282381.1,AC104073.4
ENSG00000249319.2,AC068533.4
ENSG00000234185.2,AC068533.3
ENSG00000244510.2,AC008267.5
ENSG00000284461.2,AC027644.4
ENSG00000272831.1,AC027644.3
ENSG00000273448.1,AC006480.2
ENSG00000233423.1,AC005482.1
ENSG00000236531.2,AC006013.1
ENSG00000226829.2,AC093655.1
ENSG00000225718.2,AC092100.1
ENSG00000272843.1,AC211476.2
ENSG00000277675.1,AC211486.5
ENSG00000250990.1,AC098851.1
ENSG00000232756.1,AC004990.1
ENSG00000281120.1,AC006355.2
ENSG00000234223.2,AC003988.1
ENSG00000232667.10,AC004862.1
ENSG00000235139.2,AC003984.1
ENSG00000261462.1,AC004023.1
ENSG00000224046.2,AC005076.1
ENSG00000228113.7,AC003991.1
ENSG00000227863.3,AC002383.1
ENSG00000238358.2,AC004969.1
ENSG00000225498.1,AC002064.1
ENSG00000223969.6,AC002456.1
ENSG00000243144.7,AC079760.2
ENSG00000235450.1,AC079760.1
ENSG00000223665.1,AC000058.1
ENSG00000244055.2,AC007566.1
ENSG00000278959.1,AC006378.1
ENSG00000285090.1,AC002074.1
ENSG00000231170.7,AC002451.1
ENSG00000272950.1,AC093799.1
ENSG00000284523.2,AC004834.1
ENSG00000284292.1,AC004922.1
ENSG00000272647.3,AC005020.2
ENSG00000273407.1,AC069294.1
ENSG00000235713.1,AC004522.2
ENSG00000242798.1,AC073842.2
ENSG00000235077.1,AC073842.1
ENSG00000225807.2,AC069281.1
ENSG00000274993.1,AC254629.1
ENSG00000239480.1,AC073517.1
ENSG00000270249.2,AC093668.1
ENSG00000205236.6,AC105052.1
ENSG00000267645.5,AC105052.3
ENSG00000234715.2,AC005064.1
ENSG00000237513.2,AC007384.1
ENSG00000272918.1,AC005070.3
ENSG00000242154.1,AC004884.2
ENSG00000272604.1,AC073073.2
ENSG00000273320.1,AC007032.1
ENSG00000238832.1,AC004839.1
ENSG00000241764.4,AC002467.1
ENSG00000273055.1,AC005046.1
ENSG00000225647.2,AC005487.1
ENSG00000229603.1,AC004014.1
ENSG00000234273.1,AC073071.1
ENSG00000226851.1,AC004112.1
ENSG00000223646.2,AC002463.1
ENSG00000242072.1,AC092590.1
ENSG00000237813.4,AC002066.1
ENSG00000228368.1,AC106873.1
ENSG00000286390.1,AC002465.1
ENSG00000083622.8,AC000061.1
ENSG00000234826.1,AC003084.1
ENSG00000233417.2,AC004946.1
ENSG00000234418.2,AC015983.2
ENSG00000240499.7,AC004594.1
ENSG00000226680.2,AC073311.1
ENSG00000241345.1,AC004690.2
ENSG00000242593.7,AC006148.1
ENSG00000241324.1,AC004930.1
ENSG00000219445.2,AC019155.2
ENSG00000241921.1,AC000372.1
ENSG00000240790.1,AC073934.1
ENSG00000272915.1,AC018635.2
ENSG00000273270.1,AC090114.2
ENSG00000271553.1,AC018638.7
ENSG00000271344.1,AC018638.6
ENSG00000230626.4,AC011005.1
ENSG00000273329.1,AC078846.1
ENSG00000244036.3,AC073320.1
ENSG00000240571.1,AC087071.2
ENSG00000259920.1,AC007938.1
ENSG00000270823.1,AC007938.2
ENSG00000270953.1,AC007938.3
ENSG00000273319.1,AC058791.1
ENSG00000273489.1,AC008264.2
ENSG00000224865.8,AC009518.1
ENSG00000225144.2,AC018643.1
ENSG00000223436.1,AC011625.1
ENSG00000201009.1,AC009365.1
ENSG00000227197.1,AC009365.3
ENSG00000273297.2,AC009275.1
ENSG00000287733.1,AC083862.2
ENSG00000231794.5,AC009542.1
ENSG00000273219.1,AC091736.1
ENSG00000224746.2,AC015987.1
ENSG00000230649.3,AC024084.1
ENSG00000232053.7,AC078845.1
ENSG00000234352.9,AC009264.1
ENSG00000231114.1,AC078842.2
ENSG00000228031.4,AC078842.1
ENSG00000273391.1,AC083880.1
ENSG00000261570.2,AC073878.1
ENSG00000244701.1,AC004918.1
ENSG00000224970.2,AC245427.1
ENSG00000268170.2,AC073342.1
ENSG00000279223.1,AC073342.2
ENSG00000232533.1,AC093673.1
ENSG00000284644.1,AC074386.1
ENSG00000283504.1,AC006974.1
ENSG00000283648.1,AC006974.2
ENSG00000287636.1,AC005229.4
ENSG00000228151.1,AC004941.1
ENSG00000261842.1,AC073314.1
ENSG00000273419.1,AC004877.1
ENSG00000273293.1,AC093458.1
ENSG00000273011.1,AC092681.3
ENSG00000241449.6,AC092666.1
ENSG00000261305.2,AC005586.1
ENSG00000284691.1,AC073111.3
ENSG00000272661.1,AC021097.1
ENSG00000270114.1,AC006019.3
ENSG00000236408.1,AC073336.1
ENSG00000218672.1,AC008060.1
ENSG00000236544.1,AC008060.3
ENSG00000216895.9,AC009403.1
ENSG00000234450.1,AC005534.1
ENSG00000234210.1,AC006372.3
ENSG00000272839.1,AC011899.2
ENSG00000249868.5,AC136777.1
ENSG00000253982.2,AC100810.1
ENSG00000253764.3,AC019257.1
ENSG00000253805.1,AC245164.1
ENSG00000253444.1,AC245519.1
ENSG00000282142.2,AC245187.2
ENSG00000277526.5,AC245123.1
ENSG00000254319.6,AC246817.2
ENSG00000253853.3,AC246817.1
ENSG00000253880.1,AC009435.1
ENSG00000246089.3,AC016065.1
ENSG00000253505.3,AC103957.1
ENSG00000253774.1,AC114550.3
ENSG00000254367.5,AC087269.1
ENSG00000248538.8,AC022784.1
ENSG00000279949.1,AC022784.6
ENSG00000253887.1,AC022784.3
ENSG00000253735.1,AC021736.1
ENSG00000254237.6,AC021242.2
ENSG00000272267.2,AC021242.3
ENSG00000260093.1,AC034111.1
ENSG00000261451.1,AC104964.2
ENSG00000253678.3,AC104964.1
ENSG00000248896.3,AC105001.1
ENSG00000255046.1,AC069185.1
ENSG00000255495.1,AC145124.1
ENSG00000270154.1,AC130352.1
ENSG00000254813.5,AC123777.1
ENSG00000253932.1,AC019270.1
ENSG00000254575.2,AC022039.1
ENSG00000287476.1,AC018437.2
ENSG00000253184.1,AC011586.1
ENSG00000249258.2,AC079193.2
ENSG00000253944.1,AC027117.2
ENSG00000254054.3,AC087273.2
ENSG00000245281.8,AC124242.1
ENSG00000187229.3,AC100800.1
ENSG00000253335.1,AC009884.1
ENSG00000253557.6,AC100849.1
ENSG00000253270.1,AC090541.1
ENSG00000253164.5,AC023403.1
ENSG00000253300.2,AC018541.1
ENSG00000254260.1,AC015468.3
ENSG00000254040.2,AC103719.1
ENSG00000254064.1,AC105206.2
ENSG00000254230.1,AC037459.3
ENSG00000253200.1,AC037459.2
ENSG00000248738.6,AC037441.1
ENSG00000245025.3,AC107959.1
ENSG00000253390.1,AC104561.1
ENSG00000253471.1,AC012574.1
ENSG00000253891.2,AC023202.1
ENSG00000253535.5,AC120193.1
ENSG00000272157.1,AC107373.2
ENSG00000253832.1,AC107373.1
ENSG00000253875.2,AC013643.2
ENSG00000253690.1,AC021678.2
ENSG00000253567.1,AC025871.1
ENSG00000254129.1,AC108449.1
ENSG00000253182.1,AC084026.1
ENSG00000248964.7,AC131254.1
ENSG00000272256.1,AC044849.1
ENSG00000271869.1,AC026979.2
ENSG00000272375.1,AC026979.3
ENSG00000253377.2,AC068672.2
ENSG00000247134.7,AC090204.1
ENSG00000272338.2,AC067838.1
ENSG00000254302.2,AC087855.2
ENSG00000253108.1,AC090993.1
ENSG00000254033.1,AC087855.1
ENSG00000253452.6,AC124290.1
ENSG00000253363.7,AC090809.1
ENSG00000254306.1,AC137579.2
ENSG00000253344.1,AC137579.1
ENSG00000253181.2,AC138356.3
ENSG00000183154.1,AC138356.1
ENSG00000253356.1,AC084024.3
ENSG00000272092.1,AC087623.2
ENSG00000272159.1,AC087623.3
ENSG00000255201.1,AC087623.1
ENSG00000253361.3,AC069120.1
ENSG00000253829.1,AC067817.2
ENSG00000253645.1,AC108863.1
ENSG00000253939.1,AC007991.3
ENSG00000253354.2,AC105999.1
ENSG00000272479.1,AC010857.1
ENSG00000253133.2,AC009630.1
ENSG00000253389.2,AC113133.1
ENSG00000253408.6,AC083973.1
ENSG00000255101.1,AC103843.1
ENSG00000255366.1,AC120036.4
ENSG00000253608.2,AC022915.2
ENSG00000271148.1,AC023762.1
ENSG00000272076.1,AC090186.1
ENSG00000228801.6,AC064807.1
ENSG00000272024.1,AC064807.4
ENSG00000253844.1,AC064807.2
ENSG00000254314.1,AC021915.2
ENSG00000253551.1,AC021915.1
ENSG00000253924.2,AC103831.1
ENSG00000254687.1,AC009646.2
ENSG00000240919.1,AC022034.2
ENSG00000260955.2,AC100821.2
ENSG00000253976.1,AC022679.2
ENSG00000272343.1,AC107952.2
ENSG00000254254.6,AC012349.1
ENSG00000253821.2,AC090796.1
ENSG00000253322.1,AC104051.1
ENSG00000253116.1,AC027698.1
ENSG00000167912.6,AC090152.1
ENSG00000255321.1,AC068389.3
ENSG00000254777.5,AC022182.1
ENSG00000254802.1,AC022182.2
ENSG00000254222.1,AC023866.2
ENSG00000253205.6,AC011124.1
ENSG00000253894.2,AC011124.2
ENSG00000253762.2,AC069133.1
ENSG00000254102.2,AC090136.3
ENSG00000272010.1,AC100814.1
ENSG00000272155.1,AC055822.1
ENSG00000271966.1,AC021321.1
ENSG00000255130.1,AC022874.1
ENSG00000246528.3,AC079089.1
ENSG00000253967.1,AC022730.4
ENSG00000254031.6,AC022858.1
ENSG00000253317.1,AC078906.1
ENSG00000253784.1,AC090735.1
ENSG00000260838.3,AC022893.2
ENSG00000253636.1,AC022893.1
ENSG00000254538.1,AC027018.1
ENSG00000258677.2,AC022826.2
ENSG00000254288.1,AC087672.2
ENSG00000253596.1,AC103952.1
ENSG00000253706.5,AC011632.1
ENSG00000254366.7,AC062004.1
ENSG00000253659.2,AC138646.1
ENSG00000249328.3,AC036214.1
ENSG00000276418.5,AC036214.3
ENSG00000254205.1,AC009686.1
ENSG00000253238.3,AC034114.2
ENSG00000251867.4,AC009812.1
ENSG00000260317.1,AC009812.4
ENSG00000254177.1,AC079209.2
ENSG00000253214.2,AC079209.1
ENSG00000272425.1,AC009902.3
ENSG00000253859.2,AC018616.1
ENSG00000253334.1,AC132219.1
ENSG00000253503.6,AC060765.1
ENSG00000253836.1,AC105031.2
ENSG00000254202.2,AC015522.1
ENSG00000260493.1,AC011773.4
ENSG00000258256.1,AC011773.3
ENSG00000253154.2,AC100801.1
ENSG00000254115.1,AC090572.3
ENSG00000253778.1,AC090572.2
ENSG00000253171.1,AC037450.1
ENSG00000246792.3,AC106038.1
ENSG00000254251.1,AC103770.1
ENSG00000253901.1,AC103409.1
ENSG00000253197.5,AC117834.1
ENSG00000254089.2,AC016885.2
ENSG00000271971.1,AC120053.1
ENSG00000254057.1,AC084346.1
ENSG00000253704.2,AC023632.2
ENSG00000272509.1,AC087752.4
ENSG00000254248.1,AC068189.1
ENSG00000248762.2,AC012339.1
ENSG00000253539.1,AC018442.2
ENSG00000266289.1,AC012213.3
ENSG00000261670.1,AC012213.2
ENSG00000271830.1,AC012213.4
ENSG00000253477.5,AC012213.1
ENSG00000283157.1,AC012564.1
ENSG00000254041.1,AC021546.1
ENSG00000253420.1,AC103853.1
ENSG00000253526.1,AC090802.1
ENSG00000253582.1,AC090579.1
ENSG00000253796.2,AC104248.1
ENSG00000250267.2,AC021237.1
ENSG00000248050.1,AC079061.1
ENSG00000253122.1,AC025366.1
ENSG00000253207.3,AC103993.1
ENSG00000225885.7,AC023590.1
ENSG00000206776.1,AC021733.1
ENSG00000254343.2,AC091563.1
ENSG00000253619.1,AC068413.1
ENSG00000254303.1,AC037486.1
ENSG00000255325.2,AC108136.1
ENSG00000253607.1,AC104316.1
ENSG00000254113.1,AC090193.1
ENSG00000214803.3,AC090921.1
ENSG00000253106.1,AC090198.1
ENSG00000286955.1,AC100858.3
ENSG00000253111.2,AC091114.1
ENSG00000253573.2,AC024382.1
ENSG00000243402.1,AC022973.2
ENSG00000254263.1,AC022973.4
ENSG00000253720.2,AC022973.3
ENSG00000253656.1,AC090987.1
ENSG00000253992.1,AC103726.2
ENSG00000261220.2,AC103706.1
ENSG00000253561.1,AC133634.1
ENSG00000253627.1,AC105180.1
ENSG00000279518.1,AC083843.3
ENSG00000254028.1,AC083843.1
ENSG00000251218.1,AC103764.1
ENSG00000253288.2,AC046195.1
ENSG00000254361.2,AC046195.2
ENSG00000253988.1,AC079015.1
ENSG00000259891.1,AC107375.1
ENSG00000253210.2,AC040970.1
ENSG00000261655.1,AC100803.3
ENSG00000226490.2,AC138647.1
ENSG00000261710.1,AC104417.2
ENSG00000261693.1,AC134682.1
ENSG00000253806.1,AC108002.1
ENSG00000253196.1,AC083841.1
ENSG00000264668.2,AC138696.1
ENSG00000272172.1,AC138696.2
ENSG00000255050.1,AC067930.4
ENSG00000255224.1,AC109322.1
ENSG00000272115.1,AC233992.3
ENSG00000265393.1,AC084125.4
ENSG00000260970.1,AC006288.1
ENSG00000236668.2,AC006450.3
ENSG00000261018.1,AC002101.1
ENSG00000260370.1,AC215217.1
ENSG00000227101.2,AC025822.1
ENSG00000236990.1,AC025822.2
ENSG00000226990.1,AC025946.1
ENSG00000229751.1,AC044781.1
ENSG00000284024.4,AC069544.1
ENSG00000273153.1,AC067747.1
ENSG00000238246.1,AC069549.1
ENSG00000276850.5,AC245041.2
ENSG00000236800.1,AC068898.1
ENSG00000226576.1,AC060234.1
ENSG00000228527.1,AC016396.1
ENSG00000236556.1,AC025038.1
ENSG00000235140.2,AC026391.1
ENSG00000270352.1,AC022387.1
ENSG00000273360.1,AC022017.1
ENSG00000288559.1,AC016394.2
ENSG00000268584.1,AC073389.1
ENSG00000272791.1,AC073389.3
ENSG00000271848.2,AC073389.2
ENSG00000279088.1,AC022400.6
ENSG00000229990.3,AC022400.2
ENSG00000232342.7,AC022540.1
ENSG00000234149.1,AC018511.2
ENSG00000270087.5,AC010997.3
ENSG00000273248.1,AC010997.5
ENSG00000272692.2,AC010997.4
ENSG00000282863.1,AC012560.1
ENSG00000226659.1,AC021028.1
ENSG00000229458.2,AC010157.1
ENSG00000272631.1,AC067750.1
ENSG00000258114.1,AC005871.2
ENSG00000231104.8,AC022395.1
ENSG00000227307.1,AC010998.1
ENSG00000223432.1,AC009988.1
ENSG00000258539.1,AC068896.1
ENSG00000254468.2,AC069287.1
ENSG00000255229.1,AC069287.3
ENSG00000251661.3,AC136475.1
ENSG00000255328.1,AC136475.5
ENSG00000255158.1,AC131934.1
ENSG00000254757.1,AC127526.1
ENSG00000236248.1,AC104389.4
ENSG00000267940.1,AC022762.2
ENSG00000283977.1,AC084337.2
ENSG00000255410.2,AC091564.5
ENSG00000283415.2,AC087280.2
ENSG00000251364.7,AC107884.1
ENSG00000271758.2,AC044810.3
ENSG00000254707.1,AC104237.1
ENSG00000255159.1,AC026894.1
ENSG00000253973.3,AC079296.1
ENSG00000254397.1,AC132192.1
ENSG00000268403.2,AC132192.2
ENSG00000255476.1,AC011092.2
ENSG00000254865.1,AC100763.1
ENSG00000246308.2,AC116535.1
ENSG00000254957.1,AC111188.1
ENSG00000255558.1,AC013762.1
ENSG00000254927.1,AC027779.1
ENSG00000256206.2,AC018523.2
ENSG00000254695.2,AC087379.2
ENSG00000254645.2,AC087379.1
ENSG00000260196.1,AC124798.1
ENSG00000254966.1,AC103974.1
ENSG00000270607.1,AC009549.1
ENSG00000255167.1,AC090857.2
ENSG00000254768.6,AC104009.1
ENSG00000246225.7,AC006299.1
ENSG00000254861.2,AC100768.1
ENSG00000255094.1,AC090159.1
ENSG00000254526.1,AC090791.1
ENSG00000255227.1,AC090124.1
ENSG00000255029.2,AC110058.1
ENSG00000254734.1,AC107973.1
ENSG00000228061.7,AC131571.1
ENSG00000255542.1,AC090625.2
ENSG00000254919.1,AC090692.1
ENSG00000255132.1,AC090138.1
ENSG00000255563.1,AC021006.2
ENSG00000254907.1,AC087276.2
ENSG00000283217.1,AC068205.1
ENSG00000246250.3,AC087521.2
ENSG00000254664.1,AC103681.2
ENSG00000255041.1,AC103855.3
ENSG00000286418.1,AC018716.2
ENSG00000254519.5,AC044839.1
ENSG00000255520.1,AC090589.2
ENSG00000255197.6,AC090559.1
ENSG00000255306.1,AC004923.4
ENSG00000256948.1,AC026369.3
ENSG00000249695.6,AC026369.1
ENSG00000256540.1,AC007406.3
ENSG00000261799.1,AC007406.4
ENSG00000250132.6,AC004803.1
ENSG00000249028.2,AC004672.1
ENSG00000256706.1,AC005342.2
ENSG00000272921.1,AC005832.4
ENSG00000255639.3,AC005833.1
ENSG00000256988.2,AC005833.2
ENSG00000284513.1,AC006063.2
ENSG00000256417.1,AC006206.2
ENSG00000255983.1,AC007848.1
ENSG00000255775.1,AC005845.1
ENSG00000256433.3,AC005840.2
ENSG00000269968.1,AC006064.4
ENSG00000245667.2,AC006064.1
ENSG00000247853.2,AC006064.2
ENSG00000269892.1,AC125494.2
ENSG00000256967.1,AC018653.3
ENSG00000255572.1,AC018653.1
ENSG00000282080.1,AC006511.4
ENSG00000284393.1,AC092111.3
ENSG00000275367.1,AC092111.1
ENSG00000256101.5,AC092745.1
ENSG00000282022.1,AC006581.2
ENSG00000256427.2,AC010175.1
ENSG00000255641.1,AC068775.1
ENSG00000275119.1,AC244131.2
ENSG00000256237.1,AC007450.1
ENSG00000255670.1,AC007619.1
ENSG00000275963.1,AC008115.4
ENSG00000257004.1,AC008115.2
ENSG00000255621.1,AC023790.2
ENSG00000214772.2,AC010168.1
ENSG00000283240.1,AC007529.2
ENSG00000255648.1,AC087242.1
ENSG00000255910.2,AC024901.1
ENSG00000256615.1,AC010197.1
ENSG00000257022.1,AC008250.1
ENSG00000256774.1,AC087241.1
ENSG00000256995.8,AC084816.1
ENSG00000256353.1,AC087258.1
ENSG00000115934.11,AC087235.1
ENSG00000255745.2,AC023796.1
ENSG00000278969.1,AC026310.2
ENSG00000258449.1,AC023510.1
ENSG00000276842.1,AC023510.2
ENSG00000274987.1,AC092794.1
ENSG00000275197.1,AC092794.2
ENSG00000278743.1,AC087239.1
ENSG00000256686.1,AC019209.3
ENSG00000256894.1,AC022509.3
ENSG00000256234.1,AC022509.2
ENSG00000255968.1,AC024145.1
ENSG00000234428.2,AC023051.1
ENSG00000247903.1,AC024896.1
ENSG00000256226.1,AC092747.1
ENSG00000248100.2,AC087257.1
ENSG00000256377.6,AC009509.1
ENSG00000276261.1,AC009509.4
ENSG00000256504.2,AC009509.2
ENSG00000257042.1,AC008011.2
ENSG00000247934.4,AC022364.1
ENSG00000257258.2,AC012150.1
ENSG00000275278.1,AC012150.2
ENSG00000275476.1,AC009318.4
ENSG00000257176.3,AC009318.1
ENSG00000274315.1,AC009318.3
ENSG00000273680.1,AC009318.2
ENSG00000246331.2,AC010198.1
ENSG00000276136.1,AC016957.2
ENSG00000276148.1,AC084824.5
ENSG00000245482.2,AC046130.1
ENSG00000256538.2,AC046130.2
ENSG00000255652.4,AC140847.2
ENSG00000258119.1,AC087897.2
ENSG00000258167.1,AC107023.1
ENSG00000257228.5,AC090531.1
ENSG00000257239.1,AC090630.1
ENSG00000257225.1,AC079601.1
ENSG00000275286.1,AC025253.1
ENSG00000257319.1,AC008127.1
ENSG00000257657.3,AC079950.1
ENSG00000273015.2,AC008124.1
ENSG00000257261.6,AC008014.1
ENSG00000257496.1,AC025031.1
ENSG00000257925.1,AC008083.2
ENSG00000199566.1,AC008083.1
ENSG00000257433.6,AC004241.1
ENSG00000268069.2,AC004466.1
ENSG00000257985.1,AC004801.4
ENSG00000276814.1,AC004801.6
ENSG00000269514.3,AC024257.3
ENSG00000258234.1,AC024257.1
ENSG00000275228.1,AC024257.5
ENSG00000257735.1,AC090115.1
ENSG00000258121.1,AC089987.2
ENSG00000258017.2,AC011603.2
ENSG00000258101.2,AC010173.1
ENSG00000258334.1,AC125611.4
ENSG00000257253.2,AC131157.1
ENSG00000272368.2,AC074032.1
ENSG00000257256.1,AC008147.1
ENSG00000274156.1,AC008121.2
ENSG00000271065.1,AC107031.1
ENSG00000260122.1,AC068987.1
ENSG00000260473.2,AC068987.2
ENSG00000261586.2,AC068987.3
ENSG00000257829.1,AC121757.1
ENSG00000257337.7,AC068888.1
ENSG00000288663.1,AC073611.1
ENSG00000273658.1,AC023509.4
ENSG00000257534.1,AC023794.4
ENSG00000248576.1,AC023794.1
ENSG00000258344.1,AC078778.1
ENSG00000258137.5,AC079313.2
ENSG00000258763.5,AC122685.1
ENSG00000270458.1,AC009779.5
ENSG00000258056.2,AC009779.2
ENSG00000257390.5,AC023055.1
ENSG00000273890.1,AC034102.8
ENSG00000257449.1,AC034102.3
ENSG00000257411.2,AC034102.2
ENSG00000257553.1,AC034102.4
ENSG00000258317.1,AC034102.6
ENSG00000257809.1,AC034102.5
ENSG00000144785.8,AC073896.1
ENSG00000257303.2,AC073896.2
ENSG00000258830.1,AC137834.1
ENSG00000257342.1,AC025165.2
ENSG00000269903.1,AC025165.4
ENSG00000257953.1,AC083805.2
ENSG00000245651.3,AC083805.1
ENSG00000258231.5,AC020637.1
ENSG00000257443.1,AC068305.2
ENSG00000258214.1,AC108721.1
ENSG00000257354.2,AC048341.1
ENSG00000258117.2,AC026116.1
ENSG00000249753.2,AC084357.2
ENSG00000255886.1,AC020611.2
ENSG00000255817.1,AC025576.2
ENSG00000256199.1,AC078962.2
ENSG00000256670.1,AC078962.4
ENSG00000280181.1,AC025262.1
ENSG00000250748.6,AC025419.1
ENSG00000256915.2,AC090023.2
ENSG00000256083.1,AC090673.1
ENSG00000228144.2,AC078927.1
ENSG00000235872.2,AC078777.1
ENSG00000247363.2,AC090061.1
ENSG00000257181.1,AC025423.4
ENSG00000258140.2,AC127894.1
ENSG00000257764.2,AC020656.1
ENSG00000247131.6,AC025263.1
ENSG00000258052.1,AC025263.2
ENSG00000258168.6,AC025569.1
ENSG00000277247.1,AC083809.1
ENSG00000257454.1,AC025575.1
ENSG00000258053.1,AC025575.2
ENSG00000258064.1,AC073612.1
ENSG00000257410.1,AC089984.1
ENSG00000257113.1,AC090502.1
ENSG00000257434.1,AC073525.1
ENSG00000257497.2,AC121761.1
ENSG00000258077.2,AC078923.1
ENSG00000257839.1,AC011611.4
ENSG00000257526.2,AC107032.2
ENSG00000258225.1,AC073571.1
ENSG00000258084.6,AC128707.1
ENSG00000257879.1,AC130415.1
ENSG00000257165.5,AC079362.1
ENSG00000257191.1,AC090709.1
ENSG00000257894.2,AC027288.3
ENSG00000258048.1,AC073569.2
ENSG00000257429.1,AC074031.1
ENSG00000258026.2,AC078955.1
ENSG00000258162.4,AC069228.1
ENSG00000258170.1,AC089998.4
ENSG00000257431.1,AC089998.1
ENSG00000281333.2,AC024941.2
ENSG00000278011.1,AC024941.1
ENSG00000274021.1,AC024909.1
ENSG00000271327.1,AC010201.2
ENSG00000271259.1,AC010201.1
ENSG00000258302.2,AC025034.1
ENSG00000257194.2,AC126178.1
ENSG00000257995.1,AC084365.1
ENSG00000245904.4,AC025164.1
ENSG00000257322.6,AC138123.1
ENSG00000257746.2,AC138123.2
ENSG00000257252.6,AC124947.1
ENSG00000258274.1,AC012085.2
ENSG00000257283.1,AC012464.1
ENSG00000271382.1,AC012464.3
ENSG00000258035.2,AC123567.2
ENSG00000258172.1,AC073655.1
ENSG00000258365.1,AC073655.2
ENSG00000257400.1,AC023161.1
ENSG00000258343.2,AC090001.1
ENSG00000257878.1,AC007298.2
ENSG00000258272.1,AC007513.1
ENSG00000257470.2,AC007656.1
ENSG00000258312.1,AC016152.1
ENSG00000257458.1,AC069437.1
ENSG00000258039.2,AC117377.1
ENSG00000257696.1,AC010203.2
ENSG00000257325.1,AC138360.1
ENSG00000274560.1,AC010205.1
ENSG00000258308.6,AC079907.2
ENSG00000257703.6,AC068643.1
ENSG00000257860.6,AC068643.2
ENSG00000257737.1,AC025265.2
ENSG00000257681.1,AC025265.1
ENSG00000257732.1,AC089983.1
ENSG00000257890.1,AC011595.2
ENSG00000257438.1,AC011595.1
ENSG00000277715.1,AC079174.2
ENSG00000257545.5,AC079385.1
ENSG00000260329.1,AC007541.1
ENSG00000257548.1,AC078929.1
ENSG00000258136.2,AC007622.2
ENSG00000257392.1,AC126177.2
ENSG00000257426.1,AC126177.4
ENSG00000257221.4,AC007569.1
ENSG00000249094.2,AC007834.1
ENSG00000257268.1,AC002375.1
ENSG00000258240.6,AC002351.1
ENSG00000257767.3,AC002996.1
ENSG00000274227.1,AC073575.2
ENSG00000258323.1,AC073575.1
ENSG00000257494.1,AC004217.1
ENSG00000257452.1,AC004551.1
ENSG00000257286.1,AC089999.1
ENSG00000257359.1,AC073863.1
ENSG00000257517.1,AC026765.2
ENSG00000257407.1,AC009803.1
ENSG00000257781.1,AC009387.1
ENSG00000257883.1,AC125603.2
ENSG00000257279.1,AC127164.1
ENSG00000277873.1,AC131159.2
ENSG00000274859.1,AC131238.1
ENSG00000270482.1,AC026367.1
ENSG00000275759.1,AC026367.3
ENSG00000275409.1,AC026367.2
ENSG00000201042.1,AC087863.1
ENSG00000257095.1,AC084361.1
ENSG00000256311.1,AC084880.2
ENSG00000248636.7,AC002070.1
ENSG00000255692.1,AC002563.1
ENSG00000277283.1,AC004812.2
ENSG00000256008.3,AC125616.1
ENSG00000276188.1,AC069234.4
ENSG00000255946.1,AC069234.1
ENSG00000274029.1,AC069209.1
ENSG00000258435.1,AC048337.1
ENSG00000274292.1,AC084018.2
ENSG00000255856.2,AC069503.1
ENSG00000274191.1,AC026333.4
ENSG00000256249.1,AC026333.3
ENSG00000256152.2,AC027290.1
ENSG00000269980.1,AC068768.1
ENSG00000255839.1,AC117503.1
ENSG00000214650.3,AC073592.1
ENSG00000256814.1,AC122688.2
ENSG00000256732.1,AC006065.4
ENSG00000278266.1,AC079949.2
ENSG00000279475.1,AC087894.2
ENSG00000259862.1,AC026336.2
ENSG00000256343.8,AC095350.1
ENSG00000256250.1,AC073912.1
ENSG00000256810.2,AC078925.1
ENSG00000275232.1,AC073578.2
ENSG00000256209.2,AC073578.1
ENSG00000256955.2,AC131009.2
ENSG00000255992.1,AC131009.1
ENSG00000256542.2,AC148477.2
ENSG00000277011.1,AC148477.4
ENSG00000255916.1,AC148477.1
ENSG00000256632.3,AC135586.2
ENSG00000236617.2,AC127070.1
ENSG00000250790.4,AC127070.2
ENSG00000279466.1,AC073911.1
ENSG00000271963.1,AC026786.2
ENSG00000256825.4,AC026786.1
ENSG00000278727.1,AC000403.1
ENSG00000283208.2,AC001226.2
ENSG00000259153.2,AC004816.1
ENSG00000274818.1,AC004825.2
ENSG00000269927.1,AC004817.3
ENSG00000258517.1,AC004817.1
ENSG00000269945.1,AC004817.4
ENSG00000259146.4,AC005476.2
ENSG00000266869.2,AC005993.1
ENSG00000258871.1,AC004828.1
ENSG00000258944.1,AC004846.2
ENSG00000284930.1,AC005280.2
ENSG00000258695.2,AC005225.3
ENSG00000258603.4,AC005225.2
ENSG00000258660.1,AC006146.1
ENSG00000259065.2,AC005520.2
ENSG00000258891.1,AC005480.1
ENSG00000258402.1,AC016526.1
ENSG00000259124.1,AC008050.1
ENSG00000258569.1,AC007376.2
ENSG00000273729.1,AC007686.3
ENSG00000258473.2,AC007686.2
ENSG00000258829.1,AC026888.1
ENSG00000258662.1,AC022469.2
ENSG00000259106.1,AC008056.2
ENSG00000258637.1,AC008056.1
ENSG00000284959.2,AC007262.2
ENSG00000258410.1,AC087386.1
ENSG00000258654.1,AC026495.1
ENSG00000259443.1,AC012414.3
ENSG00000261048.1,AC012414.5
ENSG00000247765.2,AC068446.2
ENSG00000260780.1,AC087463.1
ENSG00000287888.1,AC087463.3
ENSG00000214265.11,AC124312.1
ENSG00000257647.1,AC124312.2
ENSG00000261069.3,AC124312.3
ENSG00000259168.1,AC104002.3
ENSG00000258853.1,AC021979.2
ENSG00000259277.1,AC127522.1
ENSG00000256802.2,AC022613.1
ENSG00000259523.1,AC022613.2
ENSG00000259647.1,AC111152.2
ENSG00000260693.1,AC026150.1
ENSG00000269930.1,AC091057.3
ENSG00000247728.2,AC091057.2
ENSG00000285035.1,AC091057.6
ENSG00000259720.2,AC009562.1
ENSG00000276724.1,AC123768.3
ENSG00000244952.2,AC123768.1
ENSG00000276702.1,AC010809.3
ENSG00000259408.2,AC010809.2
ENSG00000259287.2,AC010809.1
ENSG00000250007.7,AC087457.1
ENSG00000259181.1,AC114546.1
ENSG00000259336.1,AC021231.1
ENSG00000259639.6,AC021351.1
ENSG00000259395.1,AC087516.1
ENSG00000259737.7,AC087516.2
ENSG00000261191.1,AC013640.1
ENSG00000259460.1,AC078909.1
ENSG00000274444.1,AC078909.2
ENSG00000259434.2,AC068875.1
ENSG00000259380.6,AC087473.1
ENSG00000259326.1,AC116158.1
ENSG00000259598.1,AC116158.2
ENSG00000259345.7,AC013652.1
ENSG00000259390.4,AC022196.1
ENSG00000261136.1,AC023908.3
ENSG00000259536.5,AC091045.1
ENSG00000251161.4,AC020661.1
ENSG00000259617.1,AC020661.3
ENSG00000259463.1,AC020661.2
ENSG00000250379.1,AC020659.2
ENSG00000174171.6,AC020659.1
ENSG00000261002.5,AC036103.1
ENSG00000258461.5,AC012651.1
ENSG00000261684.2,AC018362.1
ENSG00000278769.1,AC090510.3
ENSG00000274403.1,AC090510.2
ENSG00000246283.2,AC090510.1
ENSG00000285080.1,AC068724.3
ENSG00000284772.1,AC011330.3
ENSG00000262560.1,AC018512.1
ENSG00000259595.1,AC025043.1
ENSG00000259418.1,AC091117.2
ENSG00000259539.1,AC051619.5
ENSG00000259520.6,AC051619.4
ENSG00000275672.1,AC025580.3
ENSG00000259354.5,AC025580.2
ENSG00000259681.1,AC090527.1
ENSG00000275709.1,AC090527.3
ENSG00000260170.1,AC090527.2
ENSG00000259200.2,AC068722.1
ENSG00000259255.1,AC073941.1
ENSG00000259221.5,AC023905.1
ENSG00000259588.1,AC012050.1
ENSG00000259754.2,AC092078.2
ENSG00000259235.2,AC066612.1
ENSG00000259488.2,AC023355.1
ENSG00000259705.1,AC084757.3
ENSG00000259656.1,AC013452.2
ENSG00000259188.6,AC025040.1
ENSG00000259715.1,AC022087.1
ENSG00000259684.1,AC084756.1
ENSG00000273674.5,AC021752.1
ENSG00000259678.1,AC066613.2
ENSG00000259241.1,AC020892.1
ENSG00000259296.1,AC020892.2
ENSG00000259201.1,AC090971.2
ENSG00000274528.1,AC090970.2
ENSG00000259712.1,AC023906.5
ENSG00000259178.1,AC023906.2
ENSG00000259327.1,AC023906.3
ENSG00000259709.1,AC023906.4
ENSG00000260618.1,AC025917.1
ENSG00000259203.2,AC016044.1
ENSG00000259669.6,AC084759.2
ENSG00000260937.6,AC025272.1
ENSG00000259941.1,AC084782.1
ENSG00000261823.1,AC084782.2
ENSG00000260392.6,AC090518.1
ENSG00000285253.1,AC090517.4
ENSG00000276524.1,AC010999.2
ENSG00000259250.1,AC018904.1
ENSG00000245975.2,AC090515.2
ENSG00000259353.1,AC090515.4
ENSG00000277144.1,AC092757.3
ENSG00000259223.2,AC009654.1
ENSG00000259481.1,AC012404.1
ENSG00000259616.2,AC104574.2
ENSG00000259675.2,AC018618.1
ENSG00000259564.2,AC009554.1
ENSG00000259251.2,AC104590.1
ENSG00000274340.1,AC032011.1
ENSG00000259756.1,AC100839.1
ENSG00000259370.2,AC103740.1
ENSG00000259672.3,AC087612.1
ENSG00000259589.2,AC073167.1
ENSG00000259351.1,AC015914.1
ENSG00000265967.1,AC100830.3
ENSG00000259635.1,AC100830.1
ENSG00000249240.2,AC069368.1
ENSG00000274383.1,AC103691.1
ENSG00000277351.1,AC013553.3
ENSG00000278737.1,AC013553.4
ENSG00000275638.1,AC011939.3
ENSG00000261318.1,AC055855.2
ENSG00000260773.1,AC055855.1
ENSG00000261351.2,AC116913.1
ENSG00000277152.1,AC110048.2
ENSG00000259437.1,AC093334.1
ENSG00000259347.7,AC087482.1
ENSG00000259202.1,AC012568.1
ENSG00000260007.3,AC107871.1
ENSG00000260657.2,AC107871.2
ENSG00000259222.2,AC027088.2
ENSG00000259504.2,AC026992.1
ENSG00000259426.6,AC027237.3
ENSG00000259215.1,AC027237.2
ENSG00000259532.1,AC009269.2
ENSG00000260037.5,AC104938.1
ENSG00000261632.1,AC022872.1
ENSG00000260173.1,AC020779.2
ENSG00000273025.1,AC009690.3
ENSG00000261460.1,AC009690.2
ENSG00000260729.1,AC009690.1
ENSG00000261543.1,AC010931.2
ENSG00000260103.2,AC012435.2
ENSG00000260919.1,AC100835.1
ENSG00000275645.1,AC068338.3
ENSG00000260274.1,AC068338.2
ENSG00000275454.1,AC105020.6
ENSG00000203392.3,AC105020.1
ENSG00000259422.1,AC091100.1
ENSG00000259362.2,AC046168.1
ENSG00000259420.5,AC046168.2
ENSG00000259708.1,AC090607.3
ENSG00000177699.4,AC011944.1
ENSG00000259495.3,AC016705.2
ENSG00000258010.4,AC016705.1
ENSG00000259175.1,AC108451.1
ENSG00000259546.1,AC027808.1
ENSG00000277782.1,AC068870.2
ENSG00000259543.1,AC060809.1
ENSG00000259692.6,AC104041.1
ENSG00000260836.2,AC245033.1
ENSG00000278013.1,AC245033.2
ENSG00000259442.1,AC105339.3
ENSG00000259805.1,AC022558.2
ENSG00000259986.1,AC103876.1
ENSG00000275120.3,AC048382.5
ENSG00000259367.1,AC087286.2
ENSG00000259544.1,AC021739.3
ENSG00000259407.1,AC021739.2
ENSG00000259762.1,AC021739.4
ENSG00000259620.1,AC016987.1
ENSG00000259560.2,AC020687.1
ENSG00000259676.1,AC103982.1
ENSG00000260275.1,AC013565.1
ENSG00000261478.1,AC013391.3
ENSG00000284626.1,AC091167.7
ENSG00000275674.1,AC091167.6
ENSG00000259177.1,AC018946.1
ENSG00000259314.1,AC103739.2
ENSG00000258542.1,AC068831.1
ENSG00000260661.1,AC116903.2
ENSG00000271763.1,AC091544.5
ENSG00000274215.1,AC106028.4
ENSG00000279765.3,AC013394.1
ENSG00000257060.7,AC091078.1
ENSG00000258888.1,AC112693.1
ENSG00000258631.3,AC110023.1
ENSG00000258831.1,AC103996.2
ENSG00000258773.2,AC087636.1
ENSG00000275016.5,AC015574.1
ENSG00000275443.2,AC012409.2
ENSG00000259275.4,AC087477.2
ENSG00000259403.2,AC020704.1
ENSG00000259582.4,AC026523.1
ENSG00000259478.2,AC024651.1
ENSG00000259199.2,AC022523.1
ENSG00000274312.1,AC015722.2
ENSG00000259621.1,AC069029.1
ENSG00000259475.1,AC036108.1
ENSG00000261616.1,AC036108.3
ENSG00000274294.1,AC015660.3
ENSG00000279846.1,AC015660.4
ENSG00000259363.6,AC090825.1
ENSG00000254744.3,AC084855.1
ENSG00000259219.1,AC084855.2
ENSG00000259356.1,AC022710.1
ENSG00000270127.2,AC027020.2
ENSG00000259579.1,AC087762.1
ENSG00000232386.9,AC015712.1
ENSG00000259604.5,AC015712.4
ENSG00000278456.1,AC015712.7
ENSG00000259583.3,AC015712.2
ENSG00000259376.1,AC090907.1
ENSG00000259755.1,AC090907.2
ENSG00000259172.1,AC023024.1
ENSG00000259553.6,AC140725.1
ENSG00000260496.3,AC009041.1
ENSG00000274751.1,AC120498.9
ENSG00000277602.1,AC005363.2
ENSG00000261790.2,AC005606.2
ENSG00000259780.3,AC009065.1
ENSG00000261663.1,AC009065.8
ENSG00000260778.5,AC009065.4
ENSG00000260095.1,AC106820.3
ENSG00000260874.5,AC106820.5
ENSG00000259895.1,AC106820.2
ENSG00000260272.1,AC093525.2
ENSG00000261613.2,AC093525.6
ENSG00000269937.1,AC093525.7
ENSG00000261140.1,AC093525.4
ENSG00000261093.1,AC141586.3
ENSG00000276791.1,AC092117.1
ENSG00000262482.1,AC004034.1
ENSG00000274367.1,AC004233.3
ENSG00000262370.6,AC108134.3
ENSG00000261889.1,AC108134.2
ENSG00000262312.2,AC004494.1
ENSG00000261938.1,AC006111.1
ENSG00000261442.1,AC023830.1
ENSG00000267070.1,AC026458.2
ENSG00000260276.2,AC022167.2
ENSG00000261481.1,AC022167.4
ENSG00000260979.1,AC022167.3
ENSG00000260349.1,AC087190.1
ENSG00000283003.2,AC007221.1
ENSG00000260362.1,AC007218.1
ENSG00000283221.1,AC007218.2
ENSG00000261810.1,AC133565.1
ENSG00000262151.1,AC133065.1
ENSG00000262020.1,AC007014.1
ENSG00000263033.2,AC007220.1
ENSG00000262703.1,AC009121.2
ENSG00000188897.9,AC099489.1
ENSG00000262420.3,AC007613.1
ENSG00000277369.1,AC010654.1
ENSG00000263307.1,AC007216.4
ENSG00000261216.1,AC007216.2
ENSG00000259899.1,AC010333.2
ENSG00000260378.1,AC109597.1
ENSG00000261158.1,AC109597.2
ENSG00000262732.1,AC010401.1
ENSG00000262529.1,AC130650.1
ENSG00000263257.3,AC040173.1
ENSG00000261130.5,AC140504.1
ENSG00000262848.1,AC136624.2
ENSG00000183889.12,AC138969.1
ENSG00000279729.1,AC092326.1
ENSG00000279490.1,AC109446.3
ENSG00000259929.5,AC010601.1
ENSG00000257563.1,AC126755.2
ENSG00000260342.2,AC138811.2
ENSG00000260017.1,AC138811.1
ENSG00000260352.1,AC092287.1
ENSG00000261465.7,AC099518.4
ENSG00000261357.1,AC099518.2
ENSG00000260430.2,AC099518.1
ENSG00000261427.6,AC099518.3
ENSG00000259925.1,AC130456.2
ENSG00000260592.1,AC130456.3
ENSG00000276571.1,AC002550.2
ENSG00000261312.1,AC002550.1
ENSG00000261195.1,AC027130.1
ENSG00000260510.1,AC004381.1
ENSG00000263331.1,AC008551.1
ENSG00000271609.1,AC005632.4
ENSG00000260306.1,AC092375.2
ENSG00000274460.1,AC092119.2
ENSG00000260277.2,AC009019.1
ENSG00000261113.1,AC009034.1
ENSG00000260790.1,AC092338.2
ENSG00000260905.1,AC009021.1
ENSG00000283213.1,AC130466.1
ENSG00000261090.2,AC127459.2
ENSG00000260136.6,AC008915.2
ENSG00000261723.1,AC008870.4
ENSG00000260072.1,AC008938.1
ENSG00000261669.1,AC008731.1
ENSG00000231876.8,AC009158.1
ENSG00000274092.1,AC106739.1
ENSG00000261329.6,AC016597.1
ENSG00000283662.1,AC138904.3
ENSG00000246465.1,AC138904.1
ENSG00000261832.6,AC138894.1
ENSG00000275441.1,AC020765.2
ENSG00000251417.2,AC145285.2
ENSG00000260796.1,AC145285.3
ENSG00000275807.1,AC145285.6
ENSG00000260570.1,AC133550.2
ENSG00000252461.1,AC133550.1
ENSG00000260853.2,AC109460.2
ENSG00000260367.2,AC109460.1
ENSG00000260517.3,AC009093.2
ENSG00000259807.2,AC009093.1
ENSG00000260953.1,AC009093.4
ENSG00000279583.1,AC009086.2
ENSG00000275857.1,AC009133.4
ENSG00000238045.9,AC009133.1
ENSG00000247735.2,AC120114.1
ENSG00000285043.2,AC093512.2
ENSG00000250616.2,AC012645.1
ENSG00000261367.1,AC012645.2
ENSG00000275371.1,AC012645.4
ENSG00000261416.1,AC012645.3
ENSG00000261346.1,AC116348.3
ENSG00000261459.1,AC002310.4
ENSG00000278922.1,AC002310.5
ENSG00000235560.4,AC002310.1
ENSG00000239791.2,AC002310.2
ENSG00000260167.1,AC093249.2
ENSG00000261840.3,AC093249.6
ENSG00000282034.1,AC106886.5
ENSG00000274678.1,AC106886.3
ENSG00000260911.2,AC135050.3
ENSG00000232748.3,AC135050.1
ENSG00000261124.1,AC135050.4
ENSG00000255439.6,AC135050.2
ENSG00000260060.1,AC009088.1
ENSG00000277543.1,AC026471.5
ENSG00000261474.1,AC026471.4
ENSG00000260267.1,AC026471.1
ENSG00000260740.2,AC026471.3
ENSG00000260625.3,AC026471.2
ENSG00000260158.1,AC137761.1
ENSG00000260141.1,AC145350.2
ENSG00000261507.1,AC141257.2
ENSG00000260626.1,AC136944.1
ENSG00000261200.1,AC136944.2
ENSG00000260958.3,AC023824.3
ENSG00000261512.2,AC092368.3
ENSG00000261173.1,AC018845.3
ENSG00000259821.1,AC018845.1
ENSG00000260744.1,AC007494.2
ENSG00000261369.1,AC007533.1
ENSG00000261267.1,AC026470.2
ENSG00000260086.3,AC007611.1
ENSG00000279249.3,AC007614.1
ENSG00000259843.2,AC007610.1
ENSG00000260381.2,AC007610.2
ENSG00000260573.4,AC007493.1
ENSG00000260249.3,AC007608.3
ENSG00000261644.2,AC007728.2
ENSG00000260616.6,AC007728.1
ENSG00000260042.1,AC025810.1
ENSG00000285367.1,AC087564.1
ENSG00000260850.2,AC007344.1
ENSG00000277639.2,AC007906.2
ENSG00000261049.2,AC007347.1
ENSG00000259711.1,AC106738.1
ENSG00000260041.5,AC007495.1
ENSG00000260621.1,AC092140.1
ENSG00000274031.1,AC092140.2
ENSG00000261302.6,AC106779.1
ENSG00000276663.1,AC009090.3
ENSG00000276166.1,AC092118.2
ENSG00000187185.4,AC092118.1
ENSG00000260927.2,AC009107.2
ENSG00000260867.1,AC009107.1
ENSG00000276259.1,AC009118.3
ENSG00000261638.2,AC092378.1
ENSG00000261590.1,AC018554.1
ENSG00000260115.1,AC012174.1
ENSG00000260658.6,AC138305.1
ENSG00000261028.1,AC012322.1
ENSG00000259846.1,AC092131.1
ENSG00000260364.1,AC009055.1
ENSG00000260851.7,AC010542.3
ENSG00000260755.1,AC010542.2
ENSG00000261519.3,AC010542.4
ENSG00000277978.1,AC010542.5
ENSG00000260465.1,AC018557.1
ENSG00000246777.1,AC044802.1
ENSG00000270049.3,AC009061.2
ENSG00000276075.1,AC027682.6
ENSG00000259945.1,AC027682.2
ENSG00000261386.2,AC027682.4
ENSG00000260891.1,AC020978.3
ENSG00000260441.5,AC020978.2
ENSG00000274698.1,AC099521.1
ENSG00000252040.1,AC126773.1
ENSG00000252640.1,AC126773.2
ENSG00000260577.2,AC126773.4
ENSG00000260798.1,AC099314.1
ENSG00000260999.1,AC009137.1
ENSG00000260371.1,AC026464.3
ENSG00000261602.1,AC092115.2
ENSG00000262136.1,AC092115.3
ENSG00000247228.3,AC009060.1
ENSG00000260537.2,AC012184.2
ENSG00000260111.1,AC012184.1
ENSG00000279123.1,AC027281.1
ENSG00000247324.2,AC010547.1
ENSG00000260593.1,AC009097.2
ENSG00000260185.1,AC009097.1
ENSG00000260664.2,AC004158.1
ENSG00000259768.6,AC004943.2
ENSG00000259209.3,AC004943.1
ENSG00000271009.3,AC116667.1
ENSG00000284675.1,AC116667.2
ENSG00000261227.2,AC140912.1
ENSG00000260848.2,AC092114.1
ENSG00000261404.7,AC138627.1
ENSG00000261248.1,AC009120.4
ENSG00000261079.1,AC009053.2
ENSG00000261170.2,AC009053.3
ENSG00000247033.1,AC099508.1
ENSG00000261058.1,AC099508.2
ENSG00000274220.1,AC009163.7
ENSG00000261476.1,AC009163.4
ENSG00000203472.3,AC009163.1
ENSG00000273971.1,AC009163.6
ENSG00000276408.1,AC025287.2
ENSG00000276523.1,AC025287.3
ENSG00000284484.1,AC025287.4
ENSG00000261313.2,AC105430.1
ENSG00000260223.2,AC099511.1
ENSG00000260983.2,AC010528.1
ENSG00000259995.1,AC106729.1
ENSG00000261063.1,AC009139.2
ENSG00000260922.2,AC009139.1
ENSG00000260701.2,AC025284.1
ENSG00000261540.1,AC079414.1
ENSG00000260733.1,AC046158.1
ENSG00000277954.1,AC092376.2
ENSG00000261722.1,AC092376.1
ENSG00000261472.1,AC084064.1
ENSG00000260706.5,AC022166.1
ENSG00000259867.6,AC105411.1
ENSG00000278985.1,AC092718.6
ENSG00000260643.2,AC092718.2
ENSG00000261838.5,AC092718.5
ENSG00000245059.2,AC092718.1
ENSG00000286759.1,AC092718.8
ENSG00000260495.1,AC009148.1
ENSG00000261235.1,AC092142.1
ENSG00000261029.1,AC138304.1
ENSG00000260832.1,AC125793.1
ENSG00000261410.1,AC009142.1
ENSG00000261103.3,AC009063.3
ENSG00000260788.6,AC009063.2
ENSG00000260228.6,AC009119.1
ENSG00000260932.1,AC009119.2
ENSG00000260018.1,AC040169.1
ENSG00000250685.7,AC009123.1
ENSG00000275088.1,AC026469.1
ENSG00000261177.1,AC135012.1
ENSG00000270020.1,AC009108.3
ENSG00000131152.4,AC010531.1
ENSG00000270006.2,AC010531.6
ENSG00000269901.1,AC010531.5
ENSG00000261592.1,AC010531.3
ENSG00000260750.7,AC092720.1
ENSG00000269935.1,AC092720.2
ENSG00000260498.6,AC126696.3
ENSG00000260177.1,AC126696.1
ENSG00000261193.1,AC134312.4
ENSG00000205037.2,AC134312.1
ENSG00000260162.2,AC134312.2
ENSG00000261327.5,AC134312.5
ENSG00000261816.1,AC134312.6
ENSG00000261273.1,AC138512.1
ENSG00000261744.1,AC116552.1
ENSG00000224888.4,AC138028.2
ENSG00000182376.2,AC138028.1
ENSG00000259881.1,AC092384.2
ENSG00000205018.2,AC092384.1
ENSG00000256982.2,AC135782.1
ENSG00000259877.2,AC009113.1
ENSG00000268218.1,AC137932.3
ENSG00000260279.4,AC137932.1
ENSG00000261118.1,AC092123.1
ENSG00000260507.1,AC133919.1
ENSG00000261172.1,AC133919.2
ENSG00000280136.2,AC240565.1
ENSG00000241525.4,AC141424.1
ENSG00000263015.1,AC015853.2
ENSG00000263300.1,AC015853.3
ENSG00000235361.1,AC016292.1
ENSG00000262213.1,AC144836.1
ENSG00000262777.1,AC032044.1
ENSG00000277597.1,AC130343.2
ENSG00000262445.3,AC099684.2
ENSG00000228133.3,AC099684.1
ENSG00000263050.1,AC090617.5
ENSG00000262810.1,AC090617.4
ENSG00000263345.1,AC006435.2
ENSG00000262050.1,AC005696.1
ENSG00000277200.1,AC005696.4
ENSG00000261848.5,AC090282.1
ENSG00000262903.1,AC027796.4
ENSG00000262692.1,AC116914.2
ENSG00000274363.1,AC087742.1
ENSG00000262823.1,AC127521.1
ENSG00000229782.1,AC118754.1
ENSG00000262921.1,AC118754.2
ENSG00000235085.3,AC091153.2
ENSG00000244184.1,AC091153.3
ENSG00000262165.2,AC233723.1
ENSG00000262429.1,AC004771.3
ENSG00000262678.1,AC004771.4
ENSG00000261879.7,AC087500.1
ENSG00000285471.1,AC007846.2
ENSG00000267047.1,AC040977.2
ENSG00000233223.3,AC016876.1
ENSG00000263620.1,AC129492.3
ENSG00000266824.1,AC129492.4
ENSG00000266279.1,AC135178.5
ENSG00000263809.1,AC135178.3
ENSG00000265975.1,AC002091.1
ENSG00000262966.2,AC005695.1
ENSG00000263708.2,AC005695.2
ENSG00000225751.2,AC087501.1
ENSG00000265349.1,AC118755.2
ENSG00000282882.2,AC027045.2
ENSG00000283025.1,AC027045.3
ENSG00000273388.1,AC005291.2
ENSG00000264067.1,AC005291.1
ENSG00000264016.3,AC015908.3
ENSG00000263508.6,AC015908.2
ENSG00000266368.1,AC005410.2
ENSG00000265400.1,AC005244.2
ENSG00000265489.1,AC005358.1
ENSG00000233852.1,AC005304.1
ENSG00000266744.1,AC005304.3
ENSG00000262786.1,AC005224.1
ENSG00000230647.2,AC022816.1
ENSG00000279567.1,AC005703.4
ENSG00000266261.1,AC005324.4
ENSG00000255104.8,AC005324.3
ENSG00000233193.1,AC005324.1
ENSG00000275413.1,AC002553.2
ENSG00000266302.6,AC098850.3
ENSG00000283033.1,AC022596.2
ENSG00000260328.1,AC104024.2
ENSG00000263624.1,AC055811.1
ENSG00000264187.1,AC055811.2
ENSG00000264666.1,AC020558.1
ENSG00000197815.4,AC122129.1
ENSG00000266677.1,AC087164.1
ENSG00000260647.1,AC127537.1
ENSG00000265478.2,AC107982.3
ENSG00000262202.4,AC007952.4
ENSG00000286799.1,AC124066.1
ENSG00000265126.1,AC004448.3
ENSG00000235979.9,AC004448.2
ENSG00000262769.1,AC025627.1
ENSG00000252349.1,AC005722.2
ENSG00000270091.1,AC015726.1
ENSG00000261033.1,AC005730.2
ENSG00000263494.1,AC004702.1
ENSG00000235530.7,AC087294.1
ENSG00000265043.1,AC068418.2
ENSG00000266466.1,AC233702.7
ENSG00000266313.2,AC026254.2
ENSG00000266202.1,AC005697.1
ENSG00000266527.1,AC005697.2
ENSG00000265254.1,AC015917.2
ENSG00000258472.9,AC005726.1
ENSG00000265073.1,AC010761.2
ENSG00000265845.2,AC024267.4
ENSG00000263709.1,AC024619.3
ENSG00000266111.2,AC068025.2
ENSG00000264808.1,AC068025.1
ENSG00000263657.1,AC023389.1
ENSG00000239129.1,AC104982.1
ENSG00000265394.1,AC104984.2
ENSG00000265739.1,AC104984.3
ENSG00000265443.1,AC127024.3
ENSG00000263603.1,AC127024.2
ENSG00000266490.1,AC127024.5
ENSG00000276250.1,AC127024.6
ENSG00000265334.1,AC130324.2
ENSG00000263531.1,AC130324.1
ENSG00000275185.1,AC130324.3
ENSG00000264107.1,AC138207.2
ENSG00000265118.5,AC134669.1
ENSG00000263990.1,AC004253.1
ENSG00000277511.1,AC116407.2
ENSG00000214708.4,AC116407.1
ENSG00000265139.1,AC005899.3
ENSG00000274341.1,AC005899.6
ENSG00000278668.1,AC005899.7
ENSG00000266385.1,AC005899.5
ENSG00000279762.3,AC005899.8
ENSG00000264083.1,AC005899.1
ENSG00000266718.2,AC079336.5
ENSG00000266599.1,AC079336.4
ENSG00000264458.1,AC025211.1
ENSG00000236377.1,AC084809.2
ENSG00000266535.1,AC008133.1
ENSG00000265125.5,AC011824.2
ENSG00000265115.1,AC011824.1
ENSG00000263571.3,AC004147.2
ENSG00000264622.1,AC022903.1
ENSG00000267618.5,AC004223.3
ENSG00000273687.1,AC004223.4
ENSG00000266947.1,AC022916.1
ENSG00000267364.2,AC022706.1
ENSG00000270871.1,AC015849.3
ENSG00000270240.2,AC015849.1
ENSG00000270977.2,AC015849.5
ENSG00000276241.1,AC243829.2
ENSG00000274767.1,AC243829.1
ENSG00000275720.1,AC243830.2
ENSG00000275613.2,AC243830.1
ENSG00000278638.2,AC244093.5
ENSG00000273965.1,AC243654.1
ENSG00000277688.1,AC243585.2
ENSG00000277501.1,AC243571.2
ENSG00000274996.1,AC006449.1
ENSG00000277969.1,AC006449.6
ENSG00000275532.1,AC006449.2
ENSG00000275665.1,AC006449.3
ENSG00000277182.1,AC006449.5
ENSG00000266469.2,AC005288.1
ENSG00000273576.1,AC009283.1
ENSG00000214546.4,AC087491.1
ENSG00000264968.1,AC090844.2
ENSG00000266088.6,AC004585.1
ENSG00000264058.2,AC073508.2
ENSG00000278834.1,AC073508.3
ENSG00000265359.1,AC004231.3
ENSG00000234477.1,AC004231.1
ENSG00000267658.1,AC099811.3
ENSG00000266962.2,AC067852.2
ENSG00000267042.1,AC100793.2
ENSG00000267765.1,AC100793.3
ENSG00000273650.1,AC100793.4
ENSG00000282199.1,AC007993.3
ENSG00000267394.1,AC004596.1
ENSG00000260793.2,AC003102.1
ENSG00000267505.1,AC005180.2
ENSG00000267405.1,AC005180.1
ENSG00000276728.1,AC142472.1
ENSG00000224505.2,AC138150.1
ENSG00000233175.2,AC008105.1
ENSG00000236234.1,AC091132.2
ENSG00000267246.1,AC091132.5
ENSG00000261886.1,AC005670.1
ENSG00000262633.2,AC005670.2
ENSG00000261872.1,AC002558.2
ENSG00000259753.1,AC068234.1
ENSG00000276790.1,AC068234.2
ENSG00000253347.1,AC040934.1
ENSG00000263766.5,AC025682.1
ENSG00000264019.1,AC018521.2
ENSG00000264701.1,AC018521.4
ENSG00000230532.1,AC091133.1
ENSG00000248714.7,AC091180.2
ENSG00000262039.1,AC091180.5
ENSG00000249906.1,AC006487.1
ENSG00000250751.1,AC015795.1
ENSG00000204584.1,AC027801.1
ENSG00000254039.1,AC027801.4
ENSG00000249176.1,AC027801.3
ENSG00000248172.1,AC009720.1
ENSG00000253730.1,AC015909.2
ENSG00000261959.1,AC015909.3
ENSG00000249451.1,AC021491.1
ENSG00000262967.1,AC005921.2
ENSG00000261976.2,AC091062.1
ENSG00000247011.2,AC005920.1
ENSG00000249870.1,AC005920.2
ENSG00000262079.1,AC007638.1
ENSG00000262052.1,AC090618.1
ENSG00000263004.2,AC007114.1
ENSG00000263089.1,AC007114.2
ENSG00000265542.5,AC015845.2
ENSG00000264914.1,AC015845.1
ENSG00000278642.1,AC015813.4
ENSG00000266086.3,AC015813.2
ENSG00000278627.1,AC005962.1
ENSG00000265206.5,AC004687.1
ENSG00000224738.1,AC099850.1
ENSG00000265303.1,AC099850.2
ENSG00000266002.1,AC091059.1
ENSG00000273702.1,AC091271.1
ENSG00000267318.1,AC005702.1
ENSG00000267416.1,AC025048.4
ENSG00000259349.2,AC011921.1
ENSG00000267207.1,AC005884.1
ENSG00000267131.1,AC005746.2
ENSG00000277463.1,AC080038.2
ENSG00000265702.2,AC005821.1
ENSG00000264513.1,AC006270.1
ENSG00000233635.2,AC015923.1
ENSG00000226797.2,AC005828.1
ENSG00000263644.1,AC005828.3
ENSG00000264813.6,AC113554.1
ENSG00000125695.12,AC046185.1
ENSG00000265218.1,AC103810.2
ENSG00000265912.1,AC037487.1
ENSG00000266076.1,AC004805.1
ENSG00000264421.1,AC007448.3
ENSG00000265055.2,AC145343.1
ENSG00000278730.1,AC005332.6
ENSG00000274561.1,AC005332.3
ENSG00000277476.1,AC005332.5
ENSG00000278740.1,AC005332.7
ENSG00000274712.2,AC005332.4
ENSG00000267461.1,AC079210.1
ENSG00000267653.1,AC002546.1
ENSG00000230258.6,AC005208.1
ENSG00000267109.1,AC011990.1
ENSG00000283517.1,AC005144.1
ENSG00000277728.1,AC097641.2
ENSG00000264985.4,AC124804.1
ENSG00000266765.1,AC137735.1
ENSG00000264272.1,AC100786.1
ENSG00000264659.2,AC064805.2
ENSG00000263843.1,AC022211.2
ENSG00000265987.1,AC011933.4
ENSG00000267801.1,AC087289.5
ENSG00000267342.1,AC087289.2
ENSG00000267426.5,AC087289.3
ENSG00000267546.2,AC015802.4
ENSG00000261335.1,AC005837.1
ENSG00000274051.1,AC005837.3
ENSG00000267168.1,AC005837.2
ENSG00000265121.1,AC068594.1
ENSG00000266998.1,AC111182.1
ENSG00000267665.2,AC021683.3
ENSG00000267506.5,AC021683.2
ENSG00000267737.1,AC087645.2
ENSG00000200063.1,AC061992.1
ENSG00000262580.5,AC087741.1
ENSG00000276863.1,AC124319.2
ENSG00000280248.1,AC124319.3
ENSG00000262873.2,AC127496.5
ENSG00000279187.1,AC027601.4
ENSG00000263154.1,AC110285.3
ENSG00000262223.8,AC110285.1
ENSG00000274833.1,AC110285.5
ENSG00000262877.5,AC110285.2
ENSG00000279692.1,AC110285.6
ENSG00000229848.1,AC139149.1
ENSG00000275902.1,AC139530.3
ENSG00000262049.1,AC139530.1
ENSG00000262660.1,AC139530.2
ENSG00000263731.1,AC145207.5
ENSG00000235296.1,AC145207.1
ENSG00000279372.1,AC137723.1
ENSG00000264548.1,AC132872.2
ENSG00000260563.3,AC132872.1
ENSG00000260011.2,AC132938.1
ENSG00000261845.2,AC124283.1
ENSG00000263063.1,AC024361.2
ENSG00000261888.1,AC144831.1
ENSG00000279143.1,AC139099.3
ENSG00000262898.3,AC139099.2
ENSG00000266450.1,AC019183.1
ENSG00000265984.1,AC022809.1
ENSG00000265751.1,AC015878.1
ENSG00000264188.1,AC106037.2
ENSG00000264149.1,AC103987.2
ENSG00000265943.1,AC090912.1
ENSG00000265752.3,AC010754.1
ENSG00000265204.1,AC090772.2
ENSG00000264924.1,AC090772.1
ENSG00000265750.1,AC090772.3
ENSG00000264365.1,AC023983.1
ENSG00000273321.1,AC023983.2
ENSG00000266489.3,AC007922.3
ENSG00000266573.6,AC018697.1
ENSG00000264151.6,AC090403.1
ENSG00000264790.1,AC021382.1
ENSG00000263611.2,AC068408.1
ENSG00000227279.1,AC110015.1
ENSG00000265980.1,AC074237.1
ENSG00000259985.1,AC017100.1
ENSG00000263924.1,AC022960.1
ENSG00000263823.1,AC009831.1
ENSG00000265008.1,AC011825.4
ENSG00000263393.1,AC011825.2
ENSG00000285095.2,AC025887.2
ENSG00000263765.5,AC090371.2
ENSG00000267642.1,AC091198.1
ENSG00000278052.1,AC104985.2
ENSG00000268873.1,AC022601.1
ENSG00000278464.2,AC068506.1
ENSG00000274400.1,AC015967.1
ENSG00000274184.1,AC011815.2
ENSG00000274918.1,AC116447.1
ENSG00000267397.1,AC090229.1
ENSG00000267627.5,AC118757.1
ENSG00000267039.1,AC016493.1
ENSG00000267651.1,AC015961.1
ENSG00000267707.2,AC015961.2
ENSG00000283458.1,AC011139.1
ENSG00000267101.7,AC090376.1
ENSG00000288545.1,AC023421.2
ENSG00000274776.1,AC090241.3
ENSG00000266957.1,AC012254.1
ENSG00000267762.1,AC048380.1
ENSG00000267764.1,AC093567.1
ENSG00000264269.1,AC016866.1
ENSG00000265128.1,AC016866.2
ENSG00000266696.1,AC044840.1
ENSG00000265496.5,AC100778.3
ENSG00000252139.1,AC090227.1
ENSG00000267699.2,AC091551.1
ENSG00000277324.1,AC093462.1
ENSG00000267284.2,AC022031.2
ENSG00000267327.2,AC009271.1
ENSG00000206129.4,AC006305.1
ENSG00000278703.1,AC100847.1
ENSG00000267040.6,AC027097.1
ENSG00000267787.7,AC027097.2
ENSG00000267396.1,AC090236.1
ENSG00000267476.1,AC104365.1
ENSG00000267677.1,AC016229.2
ENSG00000267686.2,AC090771.2
ENSG00000267098.2,AC113137.1
ENSG00000267175.5,AC105094.2
ENSG00000278017.1,AC064801.1
ENSG00000267390.1,AC036176.1
ENSG00000283667.1,AC009802.1
ENSG00000260578.1,AC110597.1
ENSG00000263424.1,AC110597.3
ENSG00000265533.1,AC114689.3
ENSG00000264634.1,AC100844.1
ENSG00000264869.2,AC068112.1
ENSG00000264705.1,AC090337.1
ENSG00000278532.1,AC026585.1
ENSG00000265643.1,AC119868.2
ENSG00000266840.1,AC068254.1
ENSG00000265484.2,AC091691.2
ENSG00000265995.1,AC069114.1
ENSG00000263958.2,AC091138.1
ENSG00000265380.1,AC079070.1
ENSG00000263655.1,AC090125.1
ENSG00000264340.1,AC009704.1
ENSG00000264116.6,AC116003.1
ENSG00000264108.1,AC090457.1
ENSG00000264595.1,AC103808.2
ENSG00000263982.1,AC009716.1
ENSG00000265778.3,AC018413.1
ENSG00000266844.1,AC093330.1
ENSG00000275178.1,AC018529.1
ENSG00000265844.1,AC100863.1
ENSG00000199392.1,AC124254.1
ENSG00000264693.1,AC123786.1
ENSG00000267628.1,AC104423.1
ENSG00000267409.1,AC068473.4
ENSG00000178412.4,AC068473.1
ENSG00000267780.2,AC021594.2
ENSG00000267127.7,AC090360.1
ENSG00000267251.2,AC139100.1
ENSG00000282393.1,AC016588.2
ENSG00000266933.2,AC005775.1
ENSG00000267666.2,AC004156.1
ENSG00000267778.1,AC004221.1
ENSG00000267755.1,AC005329.2
ENSG00000280486.2,AC005329.3
ENSG00000248015.7,AC005329.1
ENSG00000268798.1,AC027307.3
ENSG00000267317.2,AC027307.2
ENSG00000267092.2,AC027307.1
ENSG00000267059.2,AC005943.1
ENSG00000267007.1,AC012615.2
ENSG00000261526.2,AC012615.1
ENSG00000267122.1,AC004490.1
ENSG00000273734.1,AC005258.1
ENSG00000267001.1,AC006538.2
ENSG00000267063.1,AC006130.1
ENSG00000253392.3,AC119403.1
ENSG00000267469.1,AC005944.1
ENSG00000267551.3,AC005264.1
ENSG00000267448.6,AC010649.1
ENSG00000267436.1,AC005786.3
ENSG00000267205.1,AC005954.2
ENSG00000269425.1,AC104521.1
ENSG00000269807.1,AC007292.3
ENSG00000269318.1,AC007292.2
ENSG00000267980.1,AC007292.1
ENSG00000267011.5,AC011498.1
ENSG00000268536.1,AC005523.1
ENSG00000269604.1,AC005523.2
ENSG00000267740.5,AC024592.3
ENSG00000267314.1,AC104532.1
ENSG00000267571.1,AC104532.2
ENSG00000266983.1,AC011444.1
ENSG00000267262.1,AC011444.2
ENSG00000267299.1,AC011444.3
ENSG00000267563.1,AC011471.2
ENSG00000269802.1,AC011491.3
ENSG00000268191.1,AC010503.1
ENSG00000267852.1,AC119396.1
ENSG00000267952.1,AC008878.1
ENSG00000269371.1,AC008878.3
ENSG00000268400.5,AC008763.2
ENSG00000268120.1,AC010336.3
ENSG00000214248.2,AC010336.1
ENSG00000267939.1,AC008946.1
ENSG00000271717.1,AC022146.2
ENSG00000167774.2,AC010323.1
ENSG00000268931.1,AC136469.1
ENSG00000267986.1,AC130469.1
ENSG00000267510.1,AC011451.1
ENSG00000277587.1,AC008759.3
ENSG00000266950.1,AC008752.1
ENSG00000267289.1,AC008752.2
ENSG00000267650.1,AC008742.1
ENSG00000266978.1,AC011511.2
ENSG00000267607.1,AC011511.5
ENSG00000167807.15,AC011511.1
ENSG00000274425.1,AC114271.1
ENSG00000266936.1,AC011442.1
ENSG00000267082.1,AC011472.1
ENSG00000273733.1,AC011472.4
ENSG00000267277.1,AC024575.1
ENSG00000197332.9,AC008543.1
ENSG00000267179.1,AC008770.2
ENSG00000268744.1,AC008758.4
ENSG00000268870.1,AC008758.5
ENSG00000269755.1,AC008758.6
ENSG00000234848.1,AC008758.2
ENSG00000196826.7,AC008758.1
ENSG00000269693.1,AC010422.6
ENSG00000230310.1,AC010422.1
ENSG00000269242.1,AC010422.3
ENSG00000268945.1,AC010422.2
ENSG00000267062.1,AC018761.2
ENSG00000267424.1,AC020934.1
ENSG00000267458.1,AC092069.1
ENSG00000267417.1,AC138474.1
ENSG00000267512.1,AC011446.1
ENSG00000267633.1,AC008686.1
ENSG00000267582.1,AC020916.1
ENSG00000267169.2,AC022098.1
ENSG00000267723.1,AC011509.2
ENSG00000267379.1,AC008569.1
ENSG00000269635.1,AC004257.1
ENSG00000273218.1,AC005776.2
ENSG00000268673.3,AC004597.1
ENSG00000269243.1,AC008894.2
ENSG00000267033.1,AC020911.1
ENSG00000267275.1,AC020911.2
ENSG00000277825.1,AC020917.3
ENSG00000267703.1,AC020917.2
ENSG00000141979.4,AC008764.1
ENSG00000269399.2,AC008764.6
ENSG00000279529.1,AC008764.8
ENSG00000268087.1,AC008764.2
ENSG00000269427.1,AC024075.3
ENSG00000268289.1,AC020908.1
ENSG00000268056.5,AC020913.1
ENSG00000269481.1,AC010319.4
ENSG00000269035.1,AC010319.2
ENSG00000269439.6,AC010618.3
ENSG00000269161.1,AC010618.2
ENSG00000268112.1,AC008761.1
ENSG00000269145.2,AC007192.2
ENSG00000268173.3,AC007192.1
ENSG00000268650.3,AC005759.1
ENSG00000285188.1,AC008397.2
ENSG00000268938.2,AC005387.1
ENSG00000269191.1,AC005387.2
ENSG00000268030.1,AC005253.1
ENSG00000269694.1,AC005197.1
ENSG00000268193.5,AC002985.1
ENSG00000267693.1,AC011477.4
ENSG00000267383.7,AC011447.3
ENSG00000269043.2,AC008554.1
ENSG00000269110.1,AC010636.2
ENSG00000268326.1,AC008739.1
ENSG00000269237.1,AC010615.4
ENSG00000268081.1,AC123912.1
ENSG00000268555.2,AC123912.4
ENSG00000268184.1,AC092364.1
ENSG00000279377.1,AC003973.2
ENSG00000268981.5,AC024563.1
ENSG00000283201.1,AC092329.3
ENSG00000267934.1,AC010300.1
ENSG00000267924.1,AC139769.2
ENSG00000269289.6,AC011503.1
ENSG00000276030.1,AC073534.2
ENSG00000267575.7,AC006504.5
ENSG00000266977.2,AC006504.2
ENSG00000267509.5,AC010511.1
ENSG00000267320.5,AC005580.1
ENSG00000267243.6,AC005381.1
ENSG00000266893.1,AC005394.1
ENSG00000267537.1,AC079466.2
ENSG00000267683.1,AC008991.1
ENSG00000267498.2,AC007786.1
ENSG00000276251.1,AC007786.2
ENSG00000276631.1,AC007786.3
ENSG00000266248.1,AC011474.2
ENSG00000267223.1,AC005597.1
ENSG00000267760.1,AC011478.1
ENSG00000267081.1,AC011507.1
ENSG00000284430.1,AC020912.1
ENSG00000267662.1,AC025809.1
ENSG00000267636.1,AC008992.1
ENSG00000267213.4,AC007773.1
ENSG00000267557.1,AC008474.1
ENSG00000267475.1,AC008736.1
ENSG00000267130.1,AC008738.2
ENSG00000267219.1,AC010504.1
ENSG00000266953.6,AC092073.1
ENSG00000267024.1,AC008747.1
ENSG00000271049.1,AC020910.4
ENSG00000271032.1,AC020907.4
ENSG00000179066.8,AC020907.1
ENSG00000271366.1,AC002128.2
ENSG00000267049.1,AC002398.1
ENSG00000267698.1,AC002116.2
ENSG00000267309.1,AC092295.2
ENSG00000228629.2,AC092295.1
ENSG00000276071.1,AC074138.1
ENSG00000267260.2,AC020928.1
ENSG00000267353.1,AC020928.2
ENSG00000267345.1,AC010632.1
ENSG00000267360.6,AC012309.1
ENSG00000267605.7,AC016590.1
ENSG00000180458.2,AC022148.1
ENSG00000267552.6,AC093227.2
ENSG00000267152.1,AC093227.1
ENSG00000267748.4,AC011479.1
ENSG00000268055.1,AC067969.1
ENSG00000267291.1,AC008649.1
ENSG00000267375.1,AC008649.2
ENSG00000267892.1,AC022144.1
ENSG00000268083.5,AC008982.1
ENSG00000269547.1,AC011455.2
ENSG00000269172.1,AC011443.1
ENSG00000276445.1,AC005393.1
ENSG00000282951.1,AC008537.4
ENSG00000268797.1,AC008537.1
ENSG00000269843.1,AC008537.2
ENSG00000255730.5,AC011462.1
ENSG00000267881.2,AC243967.1
ENSG00000268833.1,AC243967.2
ENSG00000285505.1,AC010616.1
ENSG00000268643.2,AC006486.1
ENSG00000282943.1,AC004784.1
ENSG00000272396.1,AC005392.3
ENSG00000268601.1,AC115522.1
ENSG00000267058.1,AC006213.2
ENSG00000267191.2,AC006213.3
ENSG00000266921.2,AC006213.1
ENSG00000267022.1,AC067968.1
ENSG00000186019.11,AC021092.1
ENSG00000267173.1,AC245748.1
ENSG00000252200.1,AC243964.2
ENSG00000267282.1,AC011481.2
ENSG00000267114.1,AC011481.1
ENSG00000269148.1,AC092301.1
ENSG00000268401.2,AC007785.3
ENSG00000267922.1,AC007785.1
ENSG00000269729.1,AC006262.2
ENSG00000269124.1,AC007193.2
ENSG00000268810.1,AC007193.1
ENSG00000279161.1,AC093503.2
ENSG00000268746.1,AC010519.1
ENSG00000277383.1,AC010331.1
ENSG00000269534.5,AC011466.3
ENSG00000268583.2,AC011466.1
ENSG00000268465.1,AC008403.1
ENSG00000287603.1,AC008403.3
ENSG00000268093.1,AC022154.1
ENSG00000197813.6,AC011450.1
ENSG00000268686.2,AC010643.1
ENSG00000269194.1,AC006942.1
ENSG00000269179.1,AC011452.1
ENSG00000269091.6,AC010624.3
ENSG00000267890.1,AC010624.2
ENSG00000269392.1,AC008655.2
ENSG00000268518.1,AC020909.2
ENSG00000261341.7,AC010325.1
ENSG00000269495.1,AC011483.2
ENSG00000267879.2,AC011483.1
ENSG00000269681.1,AC063977.6
ENSG00000268520.1,AC008750.4
ENSG00000275055.1,AC011468.5
ENSG00000268458.1,AC011468.3
ENSG00000267927.1,AC010320.1
ENSG00000268015.1,AC010320.2
ENSG00000269102.1,AC010320.3
ENSG00000269535.1,AC010320.4
ENSG00000268886.1,AC022150.1
ENSG00000283695.1,AC010487.2
ENSG00000269288.1,AC092070.3
ENSG00000269758.1,AC092070.4
ENSG00000232220.2,AC008440.1
ENSG00000227407.1,AC245884.1
ENSG00000269873.1,AC245884.10
ENSG00000267838.2,AC245884.8
ENSG00000267265.5,AC011476.3
ENSG00000267507.1,AC010327.3
ENSG00000267577.1,AC010327.4
ENSG00000267523.1,AC008735.2
ENSG00000267606.1,AC006116.8
ENSG00000267224.1,AC005498.1
ENSG00000267421.6,AC005498.2
ENSG00000269696.2,AC005498.3
ENSG00000268407.1,AC006115.1
ENSG00000268713.1,AC005261.3
ENSG00000268205.1,AC005261.1
ENSG00000268678.1,AC005261.2
ENSG00000268133.1,AC003002.1
ENSG00000268533.1,AC003002.2
ENSG00000268163.1,AC004076.1
ENSG00000276449.1,AC004076.2
ENSG00000268266.1,AC003005.2
ENSG00000268107.6,AC003005.1
ENSG00000268392.1,AC003682.1
ENSG00000269026.2,AC003006.1
ENSG00000268750.7,AC010522.1
ENSG00000269476.1,AC010326.2
ENSG00000268866.1,AC020915.3
ENSG00000283103.3,AC010642.2
ENSG00000269054.2,AC012313.6
ENSG00000232098.3,AC012313.1
ENSG00000268912.1,AC012313.5
ENSG00000269473.1,AC012313.8
ENSG00000269600.2,AC016629.2
ENSG00000235415.1,AC005808.1
ENSG00000273203.1,AC006946.2
ENSG00000273442.1,AC006946.3
ENSG00000236754.5,AC007666.1
ENSG00000225335.3,AC016027.1
ENSG00000277690.2,AC023490.3
ENSG00000283809.1,AC007326.4
ENSG00000223461.1,AC004471.1
ENSG00000272682.1,AC004471.2
ENSG00000185065.6,AC000068.1
ENSG00000273212.1,AC000068.2
ENSG00000284874.1,AC000093.1
ENSG00000236540.7,AC006547.1
ENSG00000243762.1,AC006547.2
ENSG00000249923.1,AC007663.2
ENSG00000273139.1,AC007663.3
ENSG00000272829.1,AC002470.1
ENSG00000226872.2,AC002472.1
ENSG00000225544.1,AC245452.1
ENSG00000279278.1,AC245060.6
ENSG00000274422.1,AC245060.5
ENSG00000282816.1,AC000035.1
ENSG00000279159.1,AC003681.1
ENSG00000181123.8,AC004832.1
ENSG00000273387.1,AC005005.3
ENSG00000281538.1,AC254562.3
ENSG00000236120.7,AC110995.1
ENSG00000228543.1,AC003684.1
ENSG00000227042.1,AC003666.1
ENSG00000234129.8,AC073529.1
ENSG00000235592.1,AC004674.1
ENSG00000233535.1,AC003035.2
ENSG00000212663.2,AC003035.1
ENSG00000285602.1,AC097625.1
ENSG00000231846.1,AC092832.2
ENSG00000237019.1,AC004470.1
ENSG00000233785.1,AC131011.1
ENSG00000233403.1,AC121342.1
ENSG00000242021.2,AC112493.1
ENSG00000228933.8,AC107419.1
ENSG00000224610.1,AC108879.1
ENSG00000236393.2,AC091806.1
ENSG00000229491.5,AC136489.1
ENSG00000204620.3,AC115618.1
ENSG00000232828.1,AC231533.1
ENSG00000229151.2,AC233976.1
ENSG00000279750.3,AC239585.2
ENSG00000284800.1,AC235565.2
ENSG00000230392.1,AC004835.1
ENSG00000226661.1,AC004973.1
ENSG00000227303.1,AC239727.1
ENSG00000231937.1,AC116666.1
ENSG00000285018.1,AC245140.3
ENSG00000280195.1,AC245140.2
ENSG00000232155.1,AC244090.1
ENSG00000224216.1,AC234781.1
ENSG00000278847.1,AC006157.1
ENSG00000229308.1,AC010737.1
ENSG00000251510.1,AC022486.1
ENSG00000260197.1,AC010889.1
ENSG00000276256.1,AC011043.1
ENSG00000288448.1,AC087463.4
ENSG00000281764.1,AC093151.3
ENSG00000262082.1,AC084033.3
ENSG00000278208.1,AC007368.2
ENSG00000280813.1,AC092902.3
ENSG00000285255.1,AC128688.2
ENSG00000281122.1,AC108866.1
ENSG00000282519.1,AC105219.4
ENSG00000271254.6,AC240274.1
ENSG00000273532.1,AC004556.1
ENSG00000278817.1,AC007325.4
ENSG00000277196.4,AC007325.2
