gene_id,master_name,locus_gene,rule,host_genes,uniprot_name
F8VU57,HECTD4,HECTD4,master name is a locus gene,HECTD4,HECTD4
A0A096LP60,AAK1,AAK1,master name is a locus gene,AAK1,AAK1
H0YB87,DPYSL3,DPYSL3,master name is a locus gene,DPYSL3,DPYSL3
H0YI37,ATP5F1B,ATP5F1B,master name is a locus gene,ATP5F1B,ATP5F1B
V9GYW0,GNPDA2,GNPDA2,master name is a locus gene,GNPDA2,GNPDA2
H7C1Y6,FOXJ3,FOXJ3,master name is a locus gene,FOXJ3,FOXJ3
A0A0U1RRC4,PROCR,PROCR,master name is a locus gene,PROCR,PROCR
A0A2R8YFI0,SLC6A1,SLC6A1,master name is a locus gene,SLC6A1,SLC6A1
A0A7I2V3B1,GBF1,GBF1,master name is a locus gene,GBF1,GBF1
Q5TBM3,HSPH1,HSPH1,master name is a locus gene,HSPH1,HSPH1
A0AAG2T928,IGKV1-33,IGKV1-33,no locus data,,IGKV1-33
H0Y8M3,NIPBL,NIPBL,master name is a locus gene,NIPBL,NIPBL
A0A087X243,GSTP1,GSTP1,master name is a locus gene,GSTP1,GSTP1
H7BZQ7,DIABLO,DIABLO,master name is a locus gene,DIABLO,DIABLO
H0YHL1,DCTN2,DCTN2,master name is a locus gene,DCTN2,DCTN2
H0YC12,INTS8,INTS8,master name is a locus gene,INTS8,INTS8
H0YFY4,HMGA2,HMGA2,master name is a locus gene,HMGA2,HMGA2
A0AAG2SVT6,A0AAG2SVT6,A0AAG2SVT6,no locus data,,
A0AAG2SXZ4,A0AAG2SXZ4,A0AAG2SXZ4,no locus data,,
H3BPD9,NME3,NME3,master name is a locus gene,NME3,NME3
H0YBP4,CALCOCO2,CALCOCO2,master name is a locus gene,CALCOCO2,CALCOCO2
H0YCA6,ATPAF1,ATPAF1,master name is a locus gene,ATPAF1,ATPAF1
H7C305,LZTR1,LZTR1,master name is a locus gene,LZTR1,LZTR1
H0Y990,ABCE1,ABCE1,master name is a locus gene,ABCE1,ABCE1
H0YLF3,B2M,B2M,master name is a locus gene,B2M,B2M
A0A1W2PRI6,HNRNPU,HNRNPU,master name is a locus gene,HNRNPU,HNRNPU
H7C1J8,HNRNPA3,HNRNPA3,master name is a locus gene,HNRNPA3,HNRNPA3
H0Y7S8,EPM2A,EPM2A,master name is a locus gene,EPM2A,EPM2A
A0A7P0S5H5,RPS20,RPS20,master name is a locus gene,RPS20,RPS20
K7ESJ3,TNPO2,TNPO2,master name is a locus gene,TNPO2,TNPO2
A0A994J759,TRRAP,TRRAP,master name is a locus gene,TRRAP,TRRAP
K7EPG9,FAM210A,FAM210A,master name is a locus gene,FAM210A,MIMS1
H3BN57,BLOC1S5-TXNDC5,BLOC1S5-TXNDC5,master name is a locus gene,BLOC1S5-TXNDC5,BLOC1S5-TXNDC5
H3BRL5,GDE1,GDE1,master name is a locus gene,GDE1,GDE1
M0R213,NAPA,NAPA,master name is a locus gene,NAPA,NAPA
H7C429,ITSN1,ITSN1,master name is a locus gene,ITSN1,ITSN1
U3KQK2,TPM2,TPM2,master name is a locus gene,TPM2,TPM2
H0YJZ4,STRN3,STRN3,master name is a locus gene,STRN3,STRN3
A0A1B0GUY8,TEX51,TEX51,master name is a locus gene,TEX51,TEX51
A0N4Z7,TRAJ10,TRAJ10,no locus data,,TRAJ10
A0A096LP52,STXBP1,STXBP1,no locus data,,STXBP1
A0A7I2V3X8,A0A7I2V3X8,ENSG00000288669,unnamed locus gene,ENSG00000288669,
U3KQ70,PGRMC2,PGRMC2,master name is a locus gene,PGRMC2,PGRMC2
Q5JV99,STK24,STK24,master name is a locus gene,STK24,STK24
K7EPI4,GFAP,GFAP,master name is a locus gene,GFAP,GFAP
H0YE25,GATD1,GATD1,master name is a locus gene,GATD1,GATD1
V9GYT7,PSIP1,PSIP1,master name is a locus gene,PSIP1,PSIP1
A0A1W2PSE9,SYN1,SYN1,master name is a locus gene,SYN1,SYN1
C9JMZ9,TRAPPC14,TRAPPC14,master name is a locus gene,TRAPPC14,TRAPPC14
A0A0A0MTA2,TRBJ2-2P,TRBJ2-2P,no locus data,,TRBJ2-2P
A0A0A0MT69,IGKJ4,IGKJ4,no locus data,,IGKJ4
A0A7I2YQU1,GSK3B,GSK3B,master name is a locus gene,GSK3B,GSK3B
F8WBE1,PMPCB,PMPCB,master name is a locus gene,PMPCB,PMPCB
D6RBD7,EEF1E1,EEF1E1,master name is a locus gene,EEF1E1,EEF1E1
M0QZ64,ZNF814,ZNF814,master name is a locus gene,ZNF814,ZNF814
G3V194,NDUFS3,NDUFS3,master name is a locus gene,NDUFS3,NDUFS3
E5RK07,SARAF,SARAF,master name is a locus gene,SARAF,SARAF
E5RJV6,SARAF,SARAF,master name is a locus gene,SARAF,SARAF
H0YLW7,SLTM,SLTM,master name is a locus gene,SLTM,SLTM
J3QSS7,ISCA2,ISCA2,master name is a locus gene,ISCA2,ISCA2
U3KQ44,TM2D1,TM2D1,master name is a locus gene,TM2D1,TM2D1
E5RIP9,PIP4P2,PIP4P2,master name is a locus gene,PIP4P2,PIP4P2
C9J1R5,RAB3GAP1,RAB3GAP1,master name is a locus gene,RAB3GAP1,RAB3GAP1
D6RBA6,SCLT1,SCLT1,master name is a locus gene,SCLT1,SCLT1
A0A8V8TQX5,CAMTA1,CAMTA1,master name is a locus gene,CAMTA1,CAMTA1
A0A7P0Z4B5,ALG11,ALG11,master name is a locus gene,ALG11,ALG11
A0A087WWA2,GNPTG,GNPTG,master name is a locus gene,GNPTG,GNPTG
A0A8I5KQF7,NDUFB11,NDUFB11,master name is a locus gene,NDUFB11,NDUFB11
A0A8J8YU24,NDUFB11,NDUFB11,master name is a locus gene,NDUFB11,NDUFB11
E9PLA2,RHOC,RHOC,master name is a locus gene,RHOC,RHOC
A0A7I2YQV1,RHOA,RHOA,master name is a locus gene,RHOA;ENSG00000290318,RHOA
C9JRM1,RHOA,RHOA,master name is a locus gene,RHOA;ENSG00000290318,RHOA
A0A7I2V3G1,RHOA,RHOA,master name is a locus gene,RHOA;ENSG00000290318,RHOA
A0A087WW59,C11orf96,C11orf96,master name is a locus gene,C11orf96,
E5RFT8,MRPS28,MRPS28,master name is a locus gene,MRPS28,MRPS28
F2Z2V6,QARS1,QARS1,master name is a locus gene,QARS1,QARS1
G5E9P5,MRPL52,MRPL52,master name is a locus gene,MRPL52,MRPL52
A0A087WUV3,NSUN4,NSUN4,master name is a locus gene,NSUN4,NSUN4
A6NLM8,SSR4,SSR4,master name is a locus gene,SSR4,SSR4
H3BR98,ZNF19,ZNF19,master name is a locus gene,ZNF19,ZNF19
A0A7P0TAR2,A0A7P0TAR2,NDUFB5,named locus gene,NDUFB5;ENSG00000288698,
B8ZZF8,LSM5,LSM5,master name is a locus gene,LSM5,LSM5
H0Y6Y5,MTX1,MTX1,master name is a locus gene,MTX1,MTX1
R4GN68,MAP2K4,MAP2K4,master name is a locus gene,MAP2K4,MAP2K4
C9JRD9,EIF2B5,EIF2B5,master name is a locus gene,EIF2B5,EIF2B5
K7EQ79,INO80C,INO80C,master name is a locus gene,INO80C;ENSG00000267140,INO80C
K7EJB8,PPP1R14A,PPP1R14A,master name is a locus gene,PPP1R14A,PPP1R14A
K7EMN0,PPP1R14A,PPP1R14A,master name is a locus gene,PPP1R14A,PPP1R14A
K7ERU7,TRIR,TRIR,no locus data,,TRIR
G3V4A6,COQ6,COQ6,master name is a locus gene,COQ6,COQ6
G5E9E9,DTYMK,DTYMK,master name is a locus gene,DTYMK,DTYMK
A8MYJ8,NDUFA3,NDUFA3,master name is a locus gene,NDUFA3,NDUFA3
S4R3T6,NDUFA3,NDUFA3,master name is a locus gene,NDUFA3,NDUFA3
A8MVM8,NDUFA3,NDUFA3,master name is a locus gene,NDUFA3,NDUFA3
F8WBI5,NIPSNAP2,NIPSNAP2,master name is a locus gene,NIPSNAP2,NIPSNAP2
A0A087WUN7,SLIRP,SLIRP,master name is a locus gene,SLIRP,SLIRP
D6RD51,FAM151B,FAM151B,master name is a locus gene,FAM151B,FAM151B
V9GYG2,AKR1A1,AKR1A1,master name is a locus gene,AKR1A1,AKR1A1
E9PI52,RSRC2,RSRC2,master name is a locus gene,RSRC2,RSRC2
K7EJE1,NDUFA13,NDUFA13,master name is a locus gene,NDUFA13,NDUFA13
E9PS93,CFAP68,CFAP68,master name is a locus gene,CFAP68,CFAP68
M0QZE0,USE1,USE1,no locus data,,USE1
E5RJK7,LYRM2,LYRM2,master name is a locus gene,LYRM2,LYRM2
Q5TAQ0,UQCC2,UQCC2,master name is a locus gene,UQCC2,UQCC2
F5H7V8,MRPL21,MRPL21,master name is a locus gene,MRPL21,MRPL21
M0R075,SLC27A5,SLC27A5,master name is a locus gene,SLC27A5,SLC27A5
D6RI09,NDUFS4,NDUFS4,master name is a locus gene,NDUFS4,NDUFS4
D6RCM2,MRPS18C,MRPS18C,master name is a locus gene,MRPS18C,MRPS18C
D6RE70,MRPS18C,MRPS18C,master name is a locus gene,MRPS18C,MRPS18C
A0A994J3P2,DPF2,DPF2,master name is a locus gene,DPF2,DPF2
F8WF73,RBM39,RBM39,master name is a locus gene,RBM39,RBM39
K7EMU7,PIN1,PIN1,master name is a locus gene,PIN1,PIN1
K7ESJ4,PDCD5,PDCD5,master name is a locus gene,PDCD5,PDCD5
X6R2P6,PDCD5,PDCD5,master name is a locus gene,PDCD5,PDCD5
D6REP8,HINT1,HINT1,master name is a locus gene,HINT1,HINT1
D6RE99,HINT1,HINT1,master name is a locus gene,HINT1,HINT1
D6RC06,HINT1,HINT1,master name is a locus gene,HINT1,HINT1
A0A1B0GW03,PLEKHA6,PLEKHA6,master name is a locus gene,PLEKHA6,PLEKHA6
A0A087WW72,RAD54L,RAD54L,master name is a locus gene,RAD54L,RAD54L
A0A7I2V5J6,NMT1,NMT1,master name is a locus gene,NMT1,NMT1
A0A0B4J1Z9,PCNP,PCNP,master name is a locus gene,PCNP,PCNP
A0A494C1I1,LOC728392,SMIM48,UniProt name,NLRP1;ENSG00000286190,SMIM48
H3BN05,CENPT,CENPT,master name is a locus gene,CENPT,CENPT
H3BQS6,CENPT,CENPT,master name is a locus gene,CENPT,CENPT
M0QZC5,RPS11,RPS11,master name is a locus gene,RPS11,RPS11
K7ENY5,LSM7,LSM7,master name is a locus gene,LSM7,LSM7
K4DIB4,SLC25A22,SLC25A22,master name is a locus gene,SLC25A22,SLC25A22
C9JUG7,CAPZA2,CAPZA2,master name is a locus gene,CAPZA2,CAPZA2
H0YJE9,PSMC6,PSMC6,master name is a locus gene,PSMC6,PSMC6
E5RHG6,TBCA,TBCA,master name is a locus gene,TBCA,TBCA
A0A494C144,TBCA,TBCA,master name is a locus gene,TBCA,TBCA
E5RIX8,TBCA,TBCA,master name is a locus gene,TBCA,TBCA
G3V479,CALM1,CALM1,master name is a locus gene,CALM1,CALM1
M0QZ52,CALM3,CALM3,master name is a locus gene,CALM3,CALM3
A0A494C0H6,PURA,PURA,master name is a locus gene,PURA,PURA
E9PLP0,CARS1,CARS1,master name is a locus gene,CARS1,CARS1
I3L2J3,TMEM88,TMEM88,master name is a locus gene,TMEM88,TMEM88
M0QY80,ETHE1,ETHE1,master name is a locus gene,ETHE1,ETHE1
A0A494C160,COX6B1,COX6B1,master name is a locus gene,COX6B1,COX6B1
G3V3P6,NDRG2,NDRG2,master name is a locus gene,NDRG2,NDRG2
G3V2Y3,NDRG2,NDRG2,master name is a locus gene,NDRG2,NDRG2
Q5THN1,HEBP2,HEBP2,master name is a locus gene,HEBP2,HEBP2
F2Z2Q9,ACP1,ACP1,master name is a locus gene,ACP1,ACP1
E5RGI2,GDAP1,GDAP1,master name is a locus gene,GDAP1,GDAP1
A0A8I5KYC9,HSBP1,HSBP1,master name is a locus gene,HSBP1,HSBP1
F6SQB9,RAB4B,RAB4B,master name is a locus gene,RAB4B,RAB4B
K7EQJ5,RPS15,RPS15,master name is a locus gene,RPS15,RPS15
K7EJ78,RPS15,RPS15,master name is a locus gene,RPS15,RPS15
A0A7I2V3W9,EIF3E,EIF3E,master name is a locus gene,EIF3E,EIF3E
E5RII3,EIF3E,EIF3E,master name is a locus gene,EIF3E,EIF3E
B1AKZ5,PEA15,PEA15,master name is a locus gene,PEA15,PEA15
E5RJX2,RPS20,RPS20,master name is a locus gene,RPS20,RPS20
Q5JRJ0,TSC22D3,TSC22D3,master name is a locus gene,TSC22D3,TSC22D3
E9PJQ8,CNIH2,CNIH2,master name is a locus gene,CNIH2,CNIH2
I3L3Z2,NAA38,NAA38,master name is a locus gene,NAA38,NAA38
X6R9Y9,CCDC107,CCDC107,master name is a locus gene,CCDC107,CCDC107
A0A494C189,H2AZ1,H2AZ1,master name is a locus gene,H2AZ1,H2AZ1
H3BN53,NDRG4,NDRG4,master name is a locus gene,NDRG4,NDRG4
C9JFS8,CKMT1B,CKMT1B,master name is a locus gene,CKMT1B,CKMT1B
B8ZZL8,HSPE1,HSPE1,master name is a locus gene,HSPE1,HSPE1
F2Z2A3,SYS1-DBNDD2,SYS1-DBNDD2,master name is a locus gene,SYS1-DBNDD2,SYS1-DBNDD2
F8WCI5,C3orf33,C3orf33,master name is a locus gene,C3orf33,C3orf33
F8VWU4,RAB5C,RAB5C,master name is a locus gene,ENSG00000267261;RAB5C,RAB5C
A0A109PLW1,BCL2L12,BCL2L12,no locus data,,
A6NJ28,RASGRP2,RASGRP2,master name is a locus gene,RASGRP2,RASGRP2
A0A087X1G1,NDUFA5,NDUFA5,master name is a locus gene,NDUFA5,NDUFA5
A0A087WXR5,NDUFA5,NDUFA5,master name is a locus gene,NDUFA5,NDUFA5
A8MUK5,CCDC157,CCDC157,master name is a locus gene,CCDC157,CCDC157
I3L1Z9,ANKFY1,ANKFY1,master name is a locus gene,ANKFY1,ANKFY1
G5EA23,TRAPPC4,TRAPPC4,master name is a locus gene,TRAPPC4,TRAPPC4
A0A0J9YWI3,FRMD4A,FRMD4A,master name is a locus gene,FRMD4A,FRMD4A
Q2TM25,SAT1,SAT1,no locus data,,
F2Z388,RPL35,RPL35,master name is a locus gene,RPL35,RPL35
C9K0I9,MYO1B,MYO1B,master name is a locus gene,MYO1B,MYO1B
A0A087WWE7,RBIS,RBIS,master name is a locus gene,RBIS,RBIS
E5RJR0,ANXA6,ANXA6,master name is a locus gene,ANXA6,ANXA6
C9IYI4,RPL29,RPL29,master name is a locus gene,RPL29,RPL29
H0YLJ8,RAB8B,RAB8B,master name is a locus gene,RAB8B,RAB8B
G3V3W9,AHSA1,AHSA1,master name is a locus gene,AHSA1,AHSA1
A0A087X0S2,MFSD4A,SLC60A1,UniProt name,SLC60A1,SLC60A1
C9JES7,CMC1,CMC1,master name is a locus gene,CMC1,CMC1
A0A1B0GTZ6,RNF227,RNF227,master name is a locus gene,RNF227,RNF227
A0A2Y9D085,RNF227,RNF227,master name is a locus gene,RNF227,RNF227
D6RI01,CDK7,CDK7,master name is a locus gene,CDK7,CDK7
V9GYL3,SLC12A5,SLC12A5,master name is a locus gene,SLC12A5,SLC12A5
A0AAG2SWP8,A0AAG2SWP8,A0AAG2SWP8,no locus data,,
F8VWQ5,CS,CS,master name is a locus gene,CS,CS
J3QSB5,RPL36,RPL36,master name is a locus gene,RPL36,RPL36
A0A087WTA9,SPINK2,SPINK2,master name is a locus gene,SPINK2,SPINK2
G3V185,TMEM179B,TMEM179B,master name is a locus gene,TMEM179B,TMEM179B
C9JES0,METTL21A,METTL21A,master name is a locus gene,METTL21A,METTL21A
F5GYU9,PLEKHB1,PLEKHB1,master name is a locus gene,PLEKHB1,PLEKHB1
A0A8I5KRS5,EXOSC2,EXOSC2,master name is a locus gene,EXOSC2,EXOSC2
D3DPQ2,ZBTB8OS,ZBTB8OS,master name is a locus gene,ZBTB8OS,ZBTB8OS
E5RHP0,NME1,NME1,master name is a locus gene,NME1,NME1
M1EA23,DAPL1,DAPL1,no locus data,,
D6RDM7,UBE2K,UBE2K,master name is a locus gene,UBE2K,UBE2K
F6XY72,NME2,NME2,master name is a locus gene,NME1-NME2;NME2,NME2
B8ZZK4,RPL31,RPL31,master name is a locus gene,RPL31,RPL31
Q5H9B5,TIMP1,TIMP1,master name is a locus gene,TIMP1,TIMP1
F8VP73,BLOC1S1,BLOC1S1,master name is a locus gene,BLOC1S1,BLOC1S1
C9JYQ9,RPL22L1,RPL22L1,master name is a locus gene,RPL22L1,RPL22L1
F8WDK8,RPL22L1,RPL22L1,master name is a locus gene,RPL22L1,RPL22L1
K7EQ77,NDUFA11,NDUFA11,master name is a locus gene,NDUFA11;ENSG00000267740,NDUFA11
D6RFL2,LYRM9,LYRM9,master name is a locus gene,LYRM9,LYRM9
D6RAR2,LYRM9,LYRM9,master name is a locus gene,LYRM9;ENSG00000266202,LYRM9
Q5JWX6,RPL22L1,RPL22L1,no locus data,,
G3V213,AK2,AK2,master name is a locus gene,AK2,AK2
E9PK81,TM7SF2,TM7SF2,master name is a locus gene,TM7SF2,TM7SF2
H3BUR4,NOB1,NOB1,master name is a locus gene,NOB1,NOB1
A0A7I2V5U4,ACO2,ACO2,master name is a locus gene,ACO2,ACO2
A0A087X1H4,ZBTB8OS,ZBTB8OS,master name is a locus gene,ZBTB8OS,ZBTB8OS
A0A8I5KT86,ATP5MG,ATP5MG,master name is a locus gene,ATP5MG,ATP5MG
J3KST7,ARMC7,ARMC7,master name is a locus gene,ARMC7,ARMC7
J3KTE5,ARMC7,ARMC7,master name is a locus gene,ARMC7,ARMC7
Q5T3I8,BCAN,BCAN,master name is a locus gene,BCAN,BCAN
H3BSS8,NAE1,NAE1,master name is a locus gene,NAE1,NAE1
K7ERW6,PSMD8,PSMD8,master name is a locus gene,PSMD8,PSMD8
F5H2D2,PHB2,PHB2,master name is a locus gene,PHB2,PHB2
A0A7I2V5H9,PFDN5,PFDN5,master name is a locus gene,PFDN5,PFDN5
H3BMQ1,PFDN5,PFDN5,master name is a locus gene,PFDN5,PFDN5
A0A087WW86,GPALPP1,GPALPP1,master name is a locus gene,GPALPP1,GPALPP1
F5H7F8,RAB35,RAB35,master name is a locus gene,RAB35,RAB35
F8WBK6,GUSB,GUSB,master name is a locus gene,GUSB,GUSB
F8WES7,SUMF2,SUMF2,master name is a locus gene,SUMF2,SUMF2
A0A3B3IRN8,COX7B,COX7B,master name is a locus gene,COX7B,COX7B
A0A590UJJ6,H3-3A,H3-3A,master name is a locus gene,H3-3A,H3-3A
K7EMV3,H3-3B,H3-3B,master name is a locus gene,H3-3B,H3-3B
I3L2R6,TXNDC17,TXNDC17,master name is a locus gene,TXNDC17,TXNDC17
A0A0B4J295,BOLA2-SMG1P6,BOLA2-SMG1P6,no locus data,,BOLA2-SMG1P6
J3QKR0,COPS3,COPS3,no locus data,,COPS3
J3KTQ1,COPS3,COPS3,master name is a locus gene,COPS3,COPS3
H3BQA6,CCNDBP1,CCNDBP1,master name is a locus gene,CCNDBP1,CCNDBP1
M0R0N0,NDUFA7,NDUFA7,master name is a locus gene,NDUFA7,NDUFA7
E9PQD8,GATD1,GATD1,master name is a locus gene,GATD1,GATD1
A6NIW5,PRDX2,PRDX2,master name is a locus gene,PRDX2;HOOK2,PRDX2
H3BPR2,NME3,NME3,master name is a locus gene,NME3,NME3
E9PS23,CFL1,CFL1,master name is a locus gene,CFL1,CFL1
F8WDN3,CFL2,CFL2,master name is a locus gene,CFL2,CFL2
Q5TBU2,ADIRF,ADIRF,master name is a locus gene,ADIRF,ADIRF
Q05DG7,VPS29,VPS29,master name is a locus gene,VPS29,
A0A804HIB3,DPM1,DPM1,master name is a locus gene,DPM1,DPM1
A0A0C4DH89,RNASEK,RNASEK,master name is a locus gene,RNASEK;RNASEK-C17orf49,RNASEK
F6XPR0,MRNIP,MRNIP,master name is a locus gene,MRNIP,MRNIP
E5RIF9,CA1,CA1,master name is a locus gene,CA1,CA1
E5RG43,CA1,CA1,master name is a locus gene,CA1,CA1
F8WDN0,URGCP,URGCP,master name is a locus gene,URGCP,URGCP
E9PQE7,MBP,MBP,master name is a locus gene,MBP,MBP
H0YF02,MBP,MBP,master name is a locus gene,MBP,MBP
E9PSE2,MBP,MBP,master name is a locus gene,MBP,MBP
E9PJ72,MBP,MBP,master name is a locus gene,MBP,MBP
A0A3B3ITE9,JAGN1,JAGN1,master name is a locus gene,JAGN1,JAGN1
J3QSF9,FDXR,FDXR,master name is a locus gene,FDXR,FDXR
E9PK97,SERPING1,SERPING1,master name is a locus gene,SERPING1,SERPING1
A0A6Q8PFX8,CHMP1A,CHMP1A,master name is a locus gene,CHMP1A,CHMP1A
A0A2R8Y5S5,CRYL1,CRYL1,master name is a locus gene,CRYL1,CRYL1
C9J5P1,OARD1,OARD1,master name is a locus gene,OARD1,OARD1
C9IZY1,OARD1,OARD1,master name is a locus gene,OARD1,OARD1
C9JA90,OARD1,OARD1,master name is a locus gene,OARD1,OARD1
K7EKD1,GFAP,GFAP,master name is a locus gene,GFAP,GFAP
F2Z3A7,DNAJC19,DNAJC19,master name is a locus gene,DNAJC19,DNAJC19
A0A8I5KQT8,DNAJC19,DNAJC19,master name is a locus gene,DNAJC19,DNAJC19
G5E9V2,DNAJC19,DNAJC19,master name is a locus gene,DNAJC19,DNAJC19
B3KN43,MRPL27,MRPL27,master name is a locus gene,MRPL27,
C9J1C6,RNF181,RNF181,master name is a locus gene,RNF181,RNF181
F8W8Y4,PANX2,PANX2,master name is a locus gene,PANX2,PANX2
A0A994J6K6,PUF60,PUF60,master name is a locus gene,PUF60,PUF60
Q96F32,GNB5,GNB5,master name is a locus gene,GNB5,
X6R8U7,ABITRAM,ABITRAM,master name is a locus gene,ABITRAM,ABITRAM
M0QZ80,ASPDH,ASPDH,master name is a locus gene,ASPDH,ASPDH
B7Z6P0,NUBP2,NUBP2,master name is a locus gene,NUBP2,
C9J7H8,LDHB,LDHB,master name is a locus gene,ENSG00000285854;LDHB,LDHB
F5H6I6,CAND1,CAND1,master name is a locus gene,CAND1,CAND1
E9PN91,EEF1D,EEF1D,no locus data,,EEF1D
E9PJD0,EEF1D,EEF1D,master name is a locus gene,EEF1D,EEF1D
K7EKU3,FXYD7,FXYD7,master name is a locus gene,FXYD7,FXYD7
K7ENE8,FXYD7,FXYD7,master name is a locus gene,FXYD7,FXYD7
D6RGJ3,MAP1B,MAP1B,master name is a locus gene,MAP1B,MAP1B
F5H6N1,MAGOHB,MAGOHB,master name is a locus gene,MAGOHB,MAGOHB
H3BQG7,FBXO31,FBXO31,master name is a locus gene,FBXO31,FBXO31
H3BPN3,TRAPPC2L,TRAPPC2L,master name is a locus gene,TRAPPC2L,TRAPPC2L
A0A0B4J294,TRAPPC2L,TRAPPC2L,master name is a locus gene,TRAPPC2L,TRAPPC2L
A0A2R8Y7Y9,BLVRB,BLVRB,master name is a locus gene,BLVRB,BLVRB
E9PRQ6,ACAT1,ACAT1,master name is a locus gene,ACAT1,ACAT1
G3V155,TMX2,TMX2,master name is a locus gene,TMX2,TMX2
E9PJH4,RPS3,RPS3,master name is a locus gene,RPS3,RPS3
E9PQ96,RPS3,RPS3,master name is a locus gene,RPS3,RPS3
F2Z2S8,RPS3,RPS3,master name is a locus gene,RPS3,RPS3
A0A8I5QJA4,GGCX,GGCX,master name is a locus gene,GGCX,GGCX
H7BZW0,CFAP221,CFAP221,master name is a locus gene,CFAP221,CFAP221
F2Z3I8,ARMT1,DCPH1,UniProt name,DCPH1,DCPH1
A0A8I5KWR0,TFCP2,TFCP2,master name is a locus gene,TFCP2,TFCP2
G5EA29,GEMIN2,GEMIN2,master name is a locus gene,GEMIN2,GEMIN2
F8WDU7,HMGXB4,HMGXB4,master name is a locus gene,HMGXB4,HMGXB4
E5RHL5,ATP6V0E1,ATP6V0E1,master name is a locus gene,ATP6V0E1,ATP6V0E1
J3KN48,ATP6V0E1,ATP6V0E1,master name is a locus gene,ATP6V0E1,ATP6V0E1
E9PG82,SRI,SRI,master name is a locus gene,SRI,SRI
A0A0B4J1Z5,GTF2A2,GTF2A2,master name is a locus gene,GTF2A2,GTF2A2
A8MYR4,GTF2A2,GTF2A2,master name is a locus gene,GTF2A2,GTF2A2
H0YLW0,SRP14,SRP14,master name is a locus gene,SRP14,SRP14
G3V1Y7,MYL6,MYL6,master name is a locus gene,MYL6,MYL6
F8W1R7,MYL6,MYL6,master name is a locus gene,MYL6,MYL6
F8VZU9,MYL6,MYL6,master name is a locus gene,MYL6,MYL6
F8WB63,ACTG2,ACTG2,master name is a locus gene,ACTG2,ACTG2
B7Z3N2,CHURC1,CHURC1,master name is a locus gene,CHURC1,
Q5ST79,IER3,IER3,master name is a locus gene,IER3,IER3
F6SFB5,AP1S2,AP1S2,master name is a locus gene,AP1S2,AP1S2
K7ERI7,RPL22,RPL22,no locus data,,RPL22
E9PQ82,RDX,RDX,master name is a locus gene,RDX,RDX
M0R1E7,SRRM1,SRRM1,master name is a locus gene,SRRM1,SRRM1
E9PIF5,DDHD2,DDHD2,master name is a locus gene,DDHD2,DDHD2
A0AAQ5BH66,TPM1,TPM1,master name is a locus gene,TPM1,TPM1
A0A087WTJ7,TPM1,TPM1,master name is a locus gene,TPM1,TPM1
H3BUK5,LOC112694756,LOC112694756,master name kept,ENSG00000285043,LOC112694756
I3L196,ARL16,ARL16,master name is a locus gene,ARL16,ARL16
E5RFH7,CIBAR1,CIBAR1,master name is a locus gene,CIBAR1,CIBAR1
A0A2U3TZJ4,LOC112694756,LOC112694756,master name kept,ENSG00000285043,LOC112694756
E9PIS7,AK5,AK5,master name is a locus gene,AK5,AK5
A0A6Q8PGD7,ACTB,ACTB,master name is a locus gene,ACTB,ACTB
C9JZR7,ACTB,ACTB,master name is a locus gene,ACTB,ACTB
A0A7P0TB33,CCDC28B,CCDC28B,master name is a locus gene,CCDC28B,CCDC28B
U3KQ85,C12orf57,C12orf57,master name is a locus gene,C12orf57,C12orf57
A6PVJ6,RBCK1,RBCK1,master name is a locus gene,RBCK1,RBCK1
D6RGY3,CPLX2,CPLX2,master name is a locus gene,CPLX2,CPLX2
D6R960,CPLX2,CPLX2,master name is a locus gene,CPLX2,CPLX2
F5GX39,TMED2,TMED2,master name is a locus gene,TMED2,TMED2
A0A6Q8PGG8,FAM200B,FAM200B,master name is a locus gene,FAM200B,FAM200B
E9PJL7,CRYAB,CRYAB,master name is a locus gene,CRYAB,CRYAB
I3L2M1,SEPTIN1,SEPTIN1,master name is a locus gene,SEPTIN1,SEPTIN1
A0A0B4J2B1,PIK3C3,PIK3C3,master name is a locus gene,PIK3C3,PIK3C3
E7EVZ2,YWHAZ,YWHAZ,master name is a locus gene,YWHAZ,YWHAZ
E7ESK7,YWHAZ,YWHAZ,master name is a locus gene,YWHAZ,YWHAZ
A0A7I2V4A0,IFTAP,IFTAP,master name is a locus gene,IFTAP,IFTAP
A0A0G2JRQ6,A0A0G2JRQ6,A0A0G2JRQ6,no locus data,,
H0Y568,NRXN1,NRXN1,master name is a locus gene,NRXN1,NRXN1
H3BPJ0,SNAP23,SNAP23,master name is a locus gene,SNAP23,SNAP23
A0A8V8TKK9,DYNLRB1,DYNLRB1,master name is a locus gene,ENSG00000289720;DYNLRB1,DYNLRB1
E9PSG2,CKLF-CMTM1,CKLF-CMTM1,master name is a locus gene,CKLF-CMTM1,CKLF-CMTM1
I3L1K7,GOSR2,GOSR2,master name is a locus gene,GOSR2,GOSR2
F8WB68,GARNL3,GARNL3,master name is a locus gene,GARNL3,GARNL3
H3BSF1,MT1G,MT1G,master name is a locus gene,MT1G,MT1G
H3BSP9,MT2A,MT2A,master name is a locus gene,MT2A,MT2A
H3BU80,MT1E,MT1E,master name is a locus gene,MT1E,MT1E
I3L1Z0,PRKCB,PRKCB,master name is a locus gene,PRKCB,PRKCB
A0A1B0GTB7,SPTAN1,SPTAN1,master name is a locus gene,SPTAN1,SPTAN1
F8WBN4,IPO11,IPO11,master name is a locus gene,IPO11,IPO11
F8WCA0,VAMP2,VAMP2,master name is a locus gene,VAMP2,VAMP2
G3V3F3,PAX8,PAX8,master name is a locus gene,PAX8,PAX8
B5MCZ8,SETD7,SETD7,master name is a locus gene,SETD7,SETD7
K7EN86,UNC119,UNC119,master name is a locus gene,UNC119;RSKR,UNC119
A0A7I2V2S6,LOC128031833,ARHGEF9,named locus gene,ARHGEF9;ENSG00000288661,LOC128031833
G3V542,TUBB3,TUBB3,master name is a locus gene,ENSG00000198211;TUBB3,TUBB3
K7ES63,TUBB6,TUBB6,master name is a locus gene,TUBB6,TUBB6
U3KQN5,RPF2,RPF2,master name is a locus gene,RPF2,RPF2
G3V4Y8,ATL1,ATL1,master name is a locus gene,ATL1,ATL1
F8W754,SNCG,SNCG,master name is a locus gene,SNCG,SNCG
E7EPV7,SNCA,SNCA,master name is a locus gene,SNCA,SNCA
C9JZ81,XRCC5,XRCC5,master name is a locus gene,XRCC5,XRCC5
K7EJS7,SYT5,SYT5,master name is a locus gene,SYT5,SYT5
Q5TB16,C1orf54,C1orf54,master name is a locus gene,C1orf54,C1orf54
M0R247,HNRNPUL1,HNRNPUL1,master name is a locus gene,HNRNPUL1,HNRNPUL1
D6RE75,WDR19,WDR19,master name is a locus gene,WDR19,WDR19
A0AAG2TVE0,A0AAG2TVE0,A0AAG2TVE0,no locus data,,
A0A075B7D0,IGHV1OR15-1,IGHV1OR15-1,no locus data,,IGHV1OR15-1
F8VWV8,ORMDL2,ORMDL2,master name is a locus gene,ORMDL2,ORMDL2
A0A087WVV1,PSMB2,PSMB2,master name is a locus gene,PSMB2,PSMB2
G3XAJ4,TXNDC9,TXNDC9,master name is a locus gene,TXNDC9,TXNDC9
J3KRZ0,SKA2,SKA2,master name is a locus gene,SKA2,SKA2
J3KTC5,SKA2,SKA2,master name is a locus gene,SKA2,SKA2
F8VUC5,COPZ1,COPZ1,master name is a locus gene,COPZ1,COPZ1
I3L467,URI1,URI1,master name is a locus gene,URI1,URI1
M0QZQ8,TRAPPC5,TRAPPC5,master name is a locus gene,TRAPPC5;ENSG00000269711,TRAPPC5
M0QZY0,ZNF544,ZNF544,master name is a locus gene,ZNF544,ZNF544
M0QZM7,ZNF544,ZNF544,master name is a locus gene,ZNF544,ZNF544
A0A087X174,IFI27,IFI27,master name is a locus gene,IFI27,IFI27
E9PMA3,SLC38A6,SLC38A6,master name is a locus gene,SLC38A6,SLC38A6
A0A0G2JQP3,AP2A2,AP2A2,no locus data,,AP2A2
A6NLH6,CNIH4,CNIH4,master name is a locus gene,CNIH4,CNIH4
K7EIY1,FAM32A,FAM32A,master name is a locus gene,FAM32A,FAM32A
F8WDS8,EIPR1,EIPR1,master name is a locus gene,EIPR1,EIPR1
E9PMU3,EED,EED,master name is a locus gene,EED,EED
H0YNL7,PIGH,PIGH,master name is a locus gene,PIGH,PIGH
J3KRI2,CDK5RAP3,CDK5RAP3,master name is a locus gene,CDK5RAP3,CDK5RAP3
K7ERX3,SAFB2,SAFB2,master name is a locus gene,SAFB2,SAFB2
K7EM38,ACTG1,ACTG1,no locus data,,ACTG1
F8WBS8,PSMD2,PSMD2,master name is a locus gene,PSMD2,PSMD2
F8VTR7,RPH3A,RPH3A,master name is a locus gene,RPH3A,RPH3A
I3L4E1,CALCOCO2,CALCOCO2,master name is a locus gene,CALCOCO2,CALCOCO2
A6PVM9,AIF1L,AIF1L,master name is a locus gene,AIF1L,AIF1L
A0A075B7B8,IGHV3OR16-12,IGHV3OR16-12,no locus data,,IGHV3OR16-12
A0A075B7E8,IGHV3OR16-13,IGHV3OR16-13,no locus data,,IGHV3OR16-13
A0A0J9YY99,A0A0J9YY99,A0A0J9YY99,no locus data,,
A0A075B7F0,IGHV3OR16-10,IGHV3OR16-10,no locus data,,IGHV3OR16-10
J3QRS1,CENPX,CENPX,master name is a locus gene,CENPX,CENPX
H0YNE7,FGF7,FGF7,master name is a locus gene,FGF7,FGF7
F8W060,OSBPL8,OSBPL8,master name is a locus gene,OSBPL8,OSBPL8
A0AAG2TEC6,CANX,CANX,no locus data,,CANX
D6RB92,PSMG4,PSMG4,master name is a locus gene,PSMG4,PSMG4
B4E3M2,DHPS,DHPS,no locus data,,
D6RBG2,PCDH1,PCDH1,master name is a locus gene,PCDH1,PCDH1
D6RAR7,DTNBP1,DTNBP1,master name is a locus gene,DTNBP1,DTNBP1
H3BPG5,RNPS1,RNPS1,master name is a locus gene,RNPS1,RNPS1
I3L0P6,TRAP1,TRAP1,master name is a locus gene,TRAP1,TRAP1
I3L2R5,CTDNEP1,CTDNEP1,master name is a locus gene,CTDNEP1,CTDNEP1
E9PMV9,ODF2L,ODF2L,master name is a locus gene,ODF2L,ODF2L
F6R851,ANKRD49,ANKRD49,master name is a locus gene,ANKRD49,ANKRD49
M0R2K6,SH3GL1,SH3GL1,master name is a locus gene,SH3GL1,SH3GL1
F2Z2F8,TMEM14B,TMEM14B,master name is a locus gene,TMEM14B,TMEM14B
H0YE44,EIF4G2,EIF4G2,master name is a locus gene,EIF4G2,EIF4G2
H0YIN6,CHMP4A,CHMP4A,master name is a locus gene,CHMP4A;ENSG00000254692,CHMP4A
F5GWH5,TMEM258,TMEM258,master name is a locus gene,TMEM258,TMEM258
F8WDC1,TFPT,TFPT,master name is a locus gene,TFPT,TFPT
Q8WYH2,EFHD1,EFHD1,master name is a locus gene,EFHD1,
F5GWV8,TAOK3,TAOK3,master name is a locus gene,TAOK3,TAOK3
G3V1R8,TMBIM4,TMBIM4,master name is a locus gene,TMBIM4;ENSG00000228144,TMBIM4
J3QKN1,FXYD6,FXYD6,master name is a locus gene,FXYD6,FXYD6
A0A804HHX9,NDUFA12,NDUFA12,master name is a locus gene,NDUFA12,NDUFA12
D6R9F2,TXK,TXK,master name is a locus gene,TXK,TXK
E9PI90,TMEM126A,TMEM126A,master name is a locus gene,TMEM126A,TMEM126A
H0YN47,FAM81A,FAM81A,master name is a locus gene,FAM81A,FAM81A
K7EKS1,POLR2I,POLR2I,master name is a locus gene,POLR2I,POLR2I
F8WF56,KDM5C,KDM5C,master name is a locus gene,KDM5C,KDM5C
H3BSE3,PPCDC,PPCDC,master name is a locus gene,PPCDC,PPCDC
C9JH37,CHL1,CHL1,master name is a locus gene,CHL1,CHL1
K7EQT8,HAUS1,HAUS1,master name is a locus gene,HAUS1,HAUS1
F8WEP1,KYNU,KYNU,master name is a locus gene,KYNU,KYNU
R4GMY7,STXBP2,STXBP2,master name is a locus gene,STXBP2,STXBP2
U3KQ24,PGPEP1,PGPEP1,master name is a locus gene,PGPEP1,PGPEP1
A0A994J4E3,SAYSD1,SAYSD1,master name is a locus gene,SAYSD1,SAYSD1
G3V4N2,hCG_2042738,hCG_2042738,no locus data,,
A0A087WT94,DMTN,DMTN,master name is a locus gene,DMTN,DMTN
A6NK88,CDKN1C,CDKN1C,master name is a locus gene,CDKN1C,CDKN1C
K7EJK1,GFAP,GFAP,master name is a locus gene,GFAP,GFAP
F8WCX1,DGCR6L,DGCR6L,master name is a locus gene,DGCR6L,DGCR6L
E9PJN9,RPS3,RPS3,master name is a locus gene,RPS3,RPS3
D6RIW3,CAMLG,CAMLG,master name is a locus gene,CAMLG,CAMLG
K7EKM7,SMIM24,SMIM24,master name is a locus gene,SMIM24,SMIM24
K7ENK1,G6PC3,G6PC3,master name is a locus gene,G6PC3,G6PC3
U3KPU8,PGRMC2,PGRMC2,master name is a locus gene,PGRMC2,PGRMC2
A0A8I5KXE5,GOLGA7,GOLGA7,master name is a locus gene,GOLGA7,GOLGA7
A0A087WUD3,OSTC,OSTC,master name is a locus gene,OSTC,OSTC
A0A8V8TNA0,STK4,STK4,master name is a locus gene,STK4,STK4
M0QXG9,BABAM1,BABAM1,master name is a locus gene,BABAM1;ENSG00000269307,BABAM1
U3KPR7,CAPNS1,CAPNS1,master name is a locus gene,CAPNS1,CAPNS1
I3L4L6,TFAP4,TFAP4,master name is a locus gene,TFAP4,TFAP4
A0A0A0MTF6,MORN5,MORN5,master name is a locus gene,MORN5,MORN5
A0A7I2V6E2,GUCA1A,GUCA1A,master name is a locus gene,GUCA1ANB-GUCA1A;GUCA1A,GUCA1A
M0R128,DNAJB1,DNAJB1,no locus data,,DNAJB1
C9J6N9,UFD1,UFD1,master name is a locus gene,UFD1,UFD1
D6REC3,PLPP1,PLPP1,master name is a locus gene,PLPP1,PLPP1
A0A9L9PXJ4,MYL10,MYL10,master name is a locus gene,MYL10,MYL10
B4DV51,RAN,RAN,master name is a locus gene,RAN,
B1AHD3,PDXP,PDXP,master name is a locus gene,ENSG00000285304;PDXP,PDXP
C9J580,ACTR3C,ACTR3C,master name is a locus gene,ACTR3C,ACTR3C
A0A0B4J2C1,MRPL51,MRPL51,master name is a locus gene,MRPL51,MRPL51
D6RAH7,UBE2D3,UBE2D3,master name is a locus gene,UBE2D3,UBE2D3
D6RF44,HNRNPD,HNRNPD,master name is a locus gene,HNRNPD,HNRNPD
B5MC59,RPA3,RPA3,master name is a locus gene,RPA3,RPA3
A0A8V8TP28,NOP10,NOP10,master name is a locus gene,NOP10,NOP10
A0A8V8TQE5,NOP10,NOP10,master name is a locus gene,NOP10,NOP10
G3V1N2,HBA1,HBA1,master name is a locus gene,HBA1,HBA1
K7ES78,CAPNS1,CAPNS1,master name is a locus gene,CAPNS1,CAPNS1
A0A3B3ITX0,COX7B,COX7B,master name is a locus gene,COX7B,COX7B
A0AAG2SV82,MAFIP,MAFIP,no locus data,,MAFIP
C9JBL1,SPCS1,SPCS1,master name is a locus gene,SPCS1,SPCS1
A0A8C8MQ05,ZBTB8OS,ZBTB8OS,master name is a locus gene,ZBTB8OS,ZBTB8OS
A0A8V8TLC6,SBDS,SBDS,master name is a locus gene,SBDS,SBDS
F8W8Z9,TOMM5,TOMM5,master name is a locus gene,TOMM5,TOMM5
F8WF20,ITGB1BP1,ITGB1BP1,master name is a locus gene,ITGB1BP1,ITGB1BP1
F8WEY0,MLF1,MLF1,master name is a locus gene,MLF1,MLF1
M0R1S0,AP2S1,AP2S1,master name is a locus gene,AP2S1,AP2S1
Q6PJX4,GPX4,GPX4,master name is a locus gene,GPX4,
A0A2R8Y677,FBXL20,FBXL20,master name is a locus gene,FBXL20,FBXL20
A0A7I2V5Y3,BTF3,BTF3,master name is a locus gene,BTF3,BTF3
I6L8B7,FABP5,FABP5,master name is a locus gene,FABP5,FABP5
Q5T1J1,SIGMAR1,SIGMAR1,master name is a locus gene,SIGMAR1,SIGMAR1
A0A494BXY3,C11orf98,C11orf98,master name is a locus gene,C11orf98,C11orf98
F2Z3D1,DNAJC25,DNAJC25,master name is a locus gene,DNAJC25,DNAJC25
K7EJ44,PFN1,PFN1,master name is a locus gene,PFN1,PFN1
K7EPR0,TMEM205,TMEM205,master name is a locus gene,TMEM205;RAB3D,TMEM205
Q5JWD1,GNAS,GNAS,master name is a locus gene,GNAS,GNAS
A0A1W2PRE1,GNAO1,GNAO1,master name is a locus gene,GNAO1,GNAO1
E5RK23,FYN,FYN,master name is a locus gene,FYN,FYN
H3BRM6,GSTM1,GSTM1,master name is a locus gene,GSTM1;GSTM2,GSTM1
A2IDB1,YWHAH,YWHAH,master name is a locus gene,YWHAH,YWHAH
F8WEB6,YWHAH,YWHAH,master name is a locus gene,YWHAH,YWHAH
A0A0B4J236,MVK,MVK,master name is a locus gene,MVK,MVK
K7EQW2,ATP6V0A1,ATP6V0A1,master name is a locus gene,ATP6V0A1,ATP6V0A1
A0A494C1D0,A0A494C1D0,ENSG00000286007,unnamed locus gene,ENSG00000286007,
F2Z2G2,EEF1B2,EEF1B2,no locus data,,EEF1B2
S4R3Q3,RAB3A,RAB3A,master name is a locus gene,RAB3A,RAB3A
A0A0B4J270,IFI27L2,IFI27L2,master name is a locus gene,IFI27L2,IFI27L2
F8WFB6,AIFM3,AIFM3,master name is a locus gene,AIFM3,AIFM3
A0A8I5KUH0,VCF2,VCF2,master name is a locus gene,VCF2,VCF2
B8ZZ54,HSPE1,HSPE1,master name is a locus gene,HSPE1,HSPE1
F6SXL5,DDX39B,DDX39B,master name is a locus gene,DDX39B,DDX39B
H3BNJ8,RNF151,RNF151,master name is a locus gene,RNF151,RNF151
X6RGC9,TYROBP,TYROBP,master name is a locus gene,TYROBP,TYROBP
A0A8Q3SI63,C1QA,C1QA,master name is a locus gene,C1QA,C1QA
F5H3D1,AMN1,AMN1,master name is a locus gene,AMN1,AMN1
G3V4N6,SDR39U1,SDR39U1,master name is a locus gene,SDR39U1,SDR39U1
A0A087WWB9,RAB13,RAB13,master name is a locus gene,ENSG00000285641;RAB13,RAB13
D6RDJ2,RPS23,RPS23,master name is a locus gene,RPS23,RPS23
D6R9I7,RPS23,RPS23,master name is a locus gene,RPS23,RPS23
G3V2F0,IFI27L1,IFI27L1,master name is a locus gene,IFI27L1,IFI27L1
A0A8I5QKQ9,A0A8I5QKQ9,PRRC2A,named locus gene,PRRC2A;ENSG00000289282,
Q49A59,PNRC1,PNRC1,master name is a locus gene,PNRC1,
H3BUU3,ATP2A1,ATP2A1,master name is a locus gene,ATP2A1,ATP2A1
A6PVN8,PTPA,PTPA,master name is a locus gene,PTPA,PTPA
F6WVI0,NCBP2,NCBP2,master name is a locus gene,NCBP2,NCBP2
A0A087WTF2,UQCRH,UQCRH,master name is a locus gene,UQCRH,UQCRH
A0A087X2B9,UQCRH,UQCRH,master name is a locus gene,UQCRH,UQCRH
A0A0G2JRN4,GSTT1,GSTT1,no locus data,,GSTT1
F8W041,ATP5MC2,ATP5MC2,master name is a locus gene,ATP5MC2,ATP5MC2
C9JNQ3,PRPSAP1,PRPSAP1,master name is a locus gene,PRPSAP1,PRPSAP1
C9J473,MPV17,MPV17,master name is a locus gene,MPV17,MPV17
B1B1G6,PLP1,PLP1,master name is a locus gene,PLP1,PLP1
F5H4I5,ITM2C,ITM2C,master name is a locus gene,ITM2C,ITM2C
A0A8V8TPG9,ARF1,ARF1,master name is a locus gene,ARF1,ARF1
A0A8V8TP99,ARF1,ARF1,master name is a locus gene,ARF1,ARF1
A0A8V8TP92,ARF1,ARF1,master name is a locus gene,ARF1,ARF1
A0A8V8TQP8,ARF1,ARF1,master name is a locus gene,ARF1,ARF1
F5H6T5,ARF3,ARF3,master name is a locus gene,ARF3;ENSG00000272822,ARF3
K7ER88,ACAA2,ACAA2,master name is a locus gene,ACAA2;ENSG00000266997,ACAA2
A0A3B3IUE0,IGFBP6,IGFBP6,master name is a locus gene,IGFBP6,IGFBP6
G3V380,ACTN1,ACTN1,master name is a locus gene,ACTN1,ACTN1
A0A087WTY1,POLR1D,POLR1D,master name is a locus gene,POLR1D,POLR1D
R4GN43,NDUFA6,NDUFA6,master name is a locus gene,NDUFA6,NDUFA6
F5H8G6,NOP2,NOP2,master name is a locus gene,NOP2,NOP2
A0A0J9YXM1,PON2,PON2,master name is a locus gene,PON2,PON2
J3KMX5,RPS13,RPS13,master name is a locus gene,RPS13,RPS13
K7EMV4,ELOF1,ELOF1,master name is a locus gene,ELOF1,ELOF1
Q5SRK2,PPP1R11,PPP1R11,master name is a locus gene,PPP1R11,PPP1R11
A0A1W2PQM0,PPOX,PPOX,master name is a locus gene,PPOX,PPOX
E9PP36,RPL8,RPL8,master name is a locus gene,RPL8,RPL8
H0YN88,RPS17,RPS17,master name is a locus gene,RPS17,RPS17
R4GMV4,DPP7,DPP7,master name is a locus gene,DPP7,DPP7
Q5T7Y4,S100A1,S100A1,master name is a locus gene,S100A1,S100A1
C9JPM3,ADAM9,ADAM9,master name is a locus gene,ADAM9,ADAM9
F2Z2R8,NPRL2,NPRL2,master name is a locus gene,NPRL2,NPRL2
F8W120,TMEM106C,TMEM106C,master name is a locus gene,TMEM106C,TMEM106C
F8VWX5,TMEM106C,TMEM106C,master name is a locus gene,TMEM106C,TMEM106C
A0A7I2V3D5,EIF4H,EIF4H,master name is a locus gene,EIF4H,EIF4H
H0YN03,DCAF11,DCAF11,master name is a locus gene,DCAF11,DCAF11
V9GYY4,RNF146,RNF146,master name is a locus gene,RNF146,RNF146
F8W9H0,VKORC1,VKORC1,master name is a locus gene,VKORC1;ENSG00000255439,VKORC1
A0A5F9ZGW6,PDE1C,PDE1C,master name is a locus gene,PDE1C,PDE1C
Q6PJI1,KIF9,KIF9,master name is a locus gene,KIF9,
A0A8V8TLP9,PET100,PET100,master name is a locus gene,PET100,PET100
A0A7I2V3S6,FKBP1A,FKBP1A,master name is a locus gene,FKBP1A,FKBP1A
J3QLD3,TSPO,TSPO,master name is a locus gene,TSPO,TSPO
A0A7I2V4Z7,NDUFAF2,NDUFAF2,master name is a locus gene,NDUFAF2,NDUFAF2
A0A0B4J2B8,IGHV1OR15-9,IGHV1OR15-9,no locus data,,IGHV1OR15-9
F8WAZ0,SNX17,SNX17,no locus data,,SNX17
H3BNN8,CMC2,CMC2,master name is a locus gene,CMC2;ENSG00000286221,CMC2
H3BPP2,CMC2,CMC2,master name is a locus gene,CMC2;ENSG00000286221,CMC2
B7ZBR9,MCF2L,MCF2L,master name is a locus gene,MCF2L,MCF2L
C9JKN3,HDAC7,HDAC7,master name is a locus gene,HDAC7,HDAC7
J3KQN4,RPL36A,RPL36A,master name is a locus gene,RPL36A,
E9PM14,NDUFC2,NDUFC2,master name is a locus gene,NDUFC2;NDUFC2-KCTD14,NDUFC2
K7EK53,EIF3K,EIF3K,master name is a locus gene,EIF3K,EIF3K
D6R9B6,RPS3A,RPS3A,master name is a locus gene,RPS3A,RPS3A
M0R3I4,MAG,MAG,master name is a locus gene,MAG,MAG
C9JRU6,DCUN1D1,DCUN1D1,master name is a locus gene,DCUN1D1,DCUN1D1
I3L2G1,NSF,NSF,no locus data,,NSF
A0A1B0GUT6,PSD,PSD,master name is a locus gene,PSD,PSD
A0A0B4J2D7,BBOF1,BBOF1,master name is a locus gene,BBOF1,BBOF1
U3KPS5,TPI1,TPI1,master name is a locus gene,TPI1,TPI1
H0Y9V9,RPL9,RPL9,master name is a locus gene,RPL9,RPL9
A0AAQ5BHN5,TNNI3,TNNI3,master name is a locus gene,TNNI3,TNNI3
E9PS11,YIF1A,YIF1A,master name is a locus gene,YIF1A,YIF1A
H0YMZ6,LRRC49,LRRC49,master name is a locus gene,LRRC49,LRRC49
A0A3B3ITD7,NTAQ1,NTAQ1,master name is a locus gene,NTAQ1,NTAQ1
F5GYM0,CMAS,CMAS,master name is a locus gene,CMAS,CMAS
F5H6P7,MAGOHB,MAGOHB,no locus data,,MAGOHB
B8ZZU8,ELOB,ELOB,master name is a locus gene,ELOB,ELOB
A0A3B3ISE5,GET1,GET1,master name is a locus gene,GET1,GET1
F5H3P6,FADS1,FADS1,master name is a locus gene,FADS1,FADS1
C9JIZ0,LSM8,LSM8,master name is a locus gene,LSM8,LSM8
A0A0U1RQQ8,MISFA,MISFA,master name is a locus gene,MISFA,MISFA
Q5T7N0,RPL5,RPL5,master name is a locus gene,RPL5,RPL5
A0A6Q8PGS0,LOC128071547,RNF10,named locus gene,RNF10;ENSG00000288623,LOC128071547
A0A0B4J259,LYZ,LYZ,master name is a locus gene,LYZ,LYZ
M0R0I9,PRKCG,PRKCG,master name is a locus gene,PRKCG,PRKCG
A0A8V8TMS4,HPS1,HPS1,master name is a locus gene,HPS1,HPS1
F8W771,PMFBP1,PMFBP1,master name is a locus gene,PMFBP1,PMFBP1
E9PPC8,PPP3CA,PPP3CA,master name is a locus gene,PPP3CA,PPP3CA
A0A7P0TBD3,SPECC1,SPECC1,master name is a locus gene,SPECC1,SPECC1
A0A7I2V5G2,SPECC1,SPECC1,master name is a locus gene,SPECC1,SPECC1
Q5HY62,EOLA2,EOLA2,master name is a locus gene,EOLA2,EOLA2
J3QQV1,RPL26,RPL26,master name is a locus gene,RPL26,RPL26
H6UMI1,GABARAP,GABARAP,master name is a locus gene,GABARAP,
H3BQX6,MT3,MT3,master name is a locus gene,MT3,MT3
A0A0C4DG14,CRYZL1,CRYZL1,master name is a locus gene,CRYZL1;ENSG00000249209,CRYZL1
E9PJD9,RPL27A,RPL27A,master name is a locus gene,RPL27A,RPL27A
H0YKD0,IDH3A,IDH3A,master name is a locus gene,IDH3A,IDH3A
H0YLI6,IDH3A,IDH3A,master name is a locus gene,IDH3A,IDH3A
E5RIQ1,LY6E,LY6E,master name is a locus gene,LY6E,LY6E
A0A0A0MSL8,RBM14-RBM4,RBM14-RBM4,master name is a locus gene,RBM14-RBM4,RBM14-RBM4
K7EMA7,RPL23A,RPL23A,master name is a locus gene,RPL23A,RPL23A
H3BQR9,MAPDA,MAPDA,master name is a locus gene,MAPDA,MAPDA
B8ZZY8,METTL5,METTL5,master name is a locus gene,METTL5,METTL5
A0AAA9YHT5,DNAJC8,DNAJC8,master name is a locus gene,DNAJC8,DNAJC8
G3V1D9,SAA2,SAA2,master name is a locus gene,SAA2,SAA2
H3BUE4,UQCRC2,UQCRC2,master name is a locus gene,UQCRC2,UQCRC2
D6RD99,SCRG1,SCRG1,master name is a locus gene,SCRG1,SCRG1
A2A3R7,RPS6,RPS6,master name is a locus gene,RPS6,RPS6
G3V1D1,FTH1,FTH1,master name is a locus gene,FTH1,FTH1
H0YM19,CCDC32,CCDC32,master name is a locus gene,CCDC32,CCDC32
M0R1H5,RPS11,RPS11,master name is a locus gene,RPS11,RPS11
R4GMU8,LAMTOR5,LAMTOR5,master name is a locus gene,LAMTOR5,LAMTOR5
V9GZ13,LOC128706666,MKKS,own gene,MKKS;ENSG00000285723;ENSG00000285508,LOC128706666
A0A6I8PRI0,N4BP2L2,N4BP2L2,master name is a locus gene,N4BP2L2,N4BP2L2
F5H8K4,PSMD3,PSMD3,master name is a locus gene,PSMD3,PSMD3
A0A7P0Z437,NAMPT,NAMPT,master name is a locus gene,NAMPT,NAMPT
M0R0Q6,ZNF470,ZNF470,master name is a locus gene,ZNF470,ZNF470
F8W1K8,RPLP0,RPLP0,master name is a locus gene,RPLP0,RPLP0
C9JB55,TF,TF,master name is a locus gene,TF,TF
E5RIZ8,CALB1,CALB1,master name is a locus gene,CALB1,CALB1
A0A1W2PPL1,SPIN3,SPIN3,master name is a locus gene,SPIN3,SPIN3
C9JNW5,RPL24,RPL24,master name is a locus gene,RPL24,RPL24
C9JXB8,RPL24,RPL24,master name is a locus gene,RPL24,RPL24
C9JDL2,TUBA4A,TUBA4A,master name is a locus gene,TUBA4A,TUBA4A
E9PQB7,CFL1,CFL1,master name is a locus gene,CFL1,CFL1
G3V1A4,CFL1,CFL1,master name is a locus gene,CFL1,CFL1
H3BSM5,GABARAPL2,GABARAPL2,master name is a locus gene,GABARAPL2,GABARAPL2
E9PHZ2,CHORDC1,CHORDC1,master name is a locus gene,CHORDC1,CHORDC1
X6R631,MRPL55,MRPL55,master name is a locus gene,MRPL55,MRPL55
F8WDK9,PDCD6IP,PDCD6IP,master name is a locus gene,PDCD6IP,PDCD6IP
C9J082,NPHP1,NPHP1,master name is a locus gene,NPHP1,NPHP1
C9J0F2,PCMT1,PCMT1,master name is a locus gene,PCMT1,PCMT1
Q86WV2,COX4I1,COX4I1,no locus data,,
H3BNV9,COX4I1,COX4I1,master name is a locus gene,COX4I1,COX4I1
A0A8I5QJA3,FAM162A,FAM162A,master name is a locus gene,FAM162A,FAM162A
F2Z3K6,CYP20A1,CYP20A1,master name is a locus gene,CYP20A1,CYP20A1
H3BMT8,BLOC1S6,BLOC1S6,master name is a locus gene,BLOC1S6,BLOC1S6
A0A7I2V328,EXOSC3,EXOSC3,master name is a locus gene,EXOSC3;ENSG00000255872,EXOSC3
F5GZG1,RAP1B,RAP1B,master name is a locus gene,RAP1B,RAP1B
H3BV69,COX5A,COX5A,master name is a locus gene,COX5A,COX5A
A0A0C4DH85,RNASEK,RNASEK,master name is a locus gene,RNASEK;RNASEK-C17orf49,RNASEK
F5GWX2,HEBP1,HEBP1,master name is a locus gene,HEBP1,HEBP1
D6R9Z7,COX7C,COX7C,master name is a locus gene,COX7C,COX7C
F5H2I0,PRPF19,PRPF19,master name is a locus gene,PRPF19,PRPF19
A0A7P0MP65,PRSS3,PRSS3,master name is a locus gene,PRSS3,PRSS3
F8VSA6,NEDD8,NEDD8,master name is a locus gene,NEDD8;NEDD8-MDP1,NEDD8
J3QSB9,SUPT4H1,SUPT4H1,master name is a locus gene,SUPT4H1,SUPT4H1
E9PS44,IFITM3,IFITM3,master name is a locus gene,IFITM3,IFITM3
E9PQN9,IFITM2,IFITM2,master name is a locus gene,IFITM2,IFITM2
C9JXM4,NDUFB2,NDUFB2,master name is a locus gene,NDUFB2,NDUFB2
F5H744,FERRY3,FERRY3,master name is a locus gene,FERRY3,FERRY3
H3BMF1,CNEP1R1,CNEP1R1,master name is a locus gene,CNEP1R1,CNEP1R1
F2Z3E1,SYP,SYP,master name is a locus gene,SYP,SYP
G3V2X9,ACTN1,ACTN1,master name is a locus gene,ACTN1,ACTN1
A0A494C176,LOC128092250,NRG1,named locus gene,NRG1;ENSG00000286131,LOC128092250
A0A2R8Y839,DNAJC19,DNAJC19,master name is a locus gene,DNAJC19,DNAJC19
A0A8I5KP17,TAF12,TAF12,master name is a locus gene,TAF12,TAF12
I3L208,OXLD1,OXLD1,master name is a locus gene,OXLD1,OXLD1
F8WDJ5,RNF13,RNF13,master name is a locus gene,RNF13,RNF13
M0QXU8,RABAC1,RABAC1,master name is a locus gene,RABAC1,RABAC1
F5H292,IPO8,IPO8,master name is a locus gene,IPO8,IPO8
A0A2R8Y7W1,CACNA1E,CACNA1E,master name is a locus gene,CACNA1E,CACNA1E
A0A087WY70,ZNG1A,ZNG1A,master name is a locus gene,ZNG1A,ZNG1A
F8WFD0,ZNG1B,ZNG1B,master name is a locus gene,ZNG1B,ZNG1B
Q5RIB5,ZNG1C,ZNG1E,own gene,ZNG1E,ZNG1C
E9PNB8,EFEMP2,EFEMP2,master name is a locus gene,EFEMP2,EFEMP2
A0A0U1RQN3,ERVK3-1,ERVK3-1,master name is a locus gene,ERVK3-1,ERVK3-1
A0A804HKW6,IARS1,IARS1,master name is a locus gene,IARS1,IARS1
E9PR99,IMMP1L,IMMP1L,master name is a locus gene,IMMP1L,IMMP1L
V9GYM6,CCDC24,CCDC24,master name is a locus gene,CCDC24,CCDC24
D6RIE3,COX7A2,COX7A2,master name is a locus gene,COX7A2,COX7A2
D6RA35,COX7A2,COX7A2,master name is a locus gene,COX7A2,COX7A2
D6RGV5,COX7A2,COX7A2,master name is a locus gene,COX7A2,COX7A2
A0A087WX00,C12orf76,C12orf76,master name is a locus gene,C12orf76,C12orf76
H0Y431,STK32C,STK32C,master name is a locus gene,STK32C,STK32C
E9PRH7,MAPK3,MAPK3,master name is a locus gene,MAPK3,MAPK3
G5E9P6,SOD2,SOD2,master name is a locus gene,SOD2,SOD2
F5H655,LMO3,LMO3,master name is a locus gene,LMO3,LMO3
A0A8V8TPC5,PLEKHM1,PLEKHM1,master name is a locus gene,PLEKHM1,PLEKHM1
U3KQK1,LSM4,LSM4,master name is a locus gene,LSM4,LSM4
F8VV56,CD63,CD63,master name is a locus gene,CD63,CD63
A0A1W2PS52,CSTB,CSTB,master name is a locus gene,CSTB,CSTB
C9JRL4,MDH1,MDH1,master name is a locus gene,MDH1,MDH1
E5RH60,VXN,VXN,master name is a locus gene,VXN,VXN
A0A494BZW4,ELAVL4,ELAVL4,master name is a locus gene,ELAVL4,ELAVL4
K7ENI8,CA4,CA4,master name is a locus gene,CA4,CA4
A0A0C4DGB0,SCOC,SCOC,master name is a locus gene,SCOC,SCOC
A0A087WTT2,TMEM230,TMEM230,master name is a locus gene,TMEM230,TMEM230
F8VZC2,MCRS1,MCRS1,master name is a locus gene,MCRS1,MCRS1
F8VX68,CS,CS,master name is a locus gene,CS,CS
M0R0R3,SMIM7,SMIM7,master name is a locus gene,ENSG00000268790;SMIM7,SMIM7
A0A0B4J1Z8,POLR2J3,POLR2J3,master name is a locus gene,POLR2J3,POLR2J3
J3KSY6,NT5C,NT5C,master name is a locus gene,NT5C,NT5C
A0A2R8Y849,RPS24,RPS24,master name is a locus gene,RPS24,RPS24
E7ETK0,RPS24,RPS24,master name is a locus gene,RPS24,RPS24
C9JTY3,TFG,TFG,master name is a locus gene,TFG,TFG
E5RGG6,NDRG1,NDRG1,master name is a locus gene,NDRG1,NDRG1
R4GNG9,IFITM3,IFITM3,master name is a locus gene,IFITM3,IFITM3
F8VVJ4,TMBIM6,TMBIM6,master name is a locus gene,TMBIM6,TMBIM6
M0QYG8,GMFG,GMFG,master name is a locus gene,GMFG,GMFG
E5RI00,ENY2,ENY2,master name is a locus gene,ENY2,ENY2
C9J7B1,NIPSNAP2,NIPSNAP2,master name is a locus gene,NIPSNAP2,NIPSNAP2
C9K068,NIPSNAP2,NIPSNAP2,master name is a locus gene,NIPSNAP2,NIPSNAP2
E9PJL9,NDUFV1,NDUFV1,master name is a locus gene,NDUFV1,NDUFV1
K7ERS5,K7ERS5,PSENEN,named locus gene,PSENEN;ENSG00000188223,
K7ES79,PSENEN,PSENEN,master name is a locus gene,PSENEN,PSENEN
E9PM95,APOL2,APOL2,master name is a locus gene,APOL2,APOL2
F6S2S5,LASP1,LASP1,master name is a locus gene,LASP1,LASP1
E9PL10,BTF3L4,BTF3L4,master name is a locus gene,BTF3L4,BTF3L4
G8JLQ3,BLOC1S1,BLOC1S1,master name is a locus gene,BLOC1S1,BLOC1S1
A0A8I5KRU9,IKBKG,IKBKG,master name is a locus gene,IKBKG,IKBKG
H3BQQ4,GFER,GFER,master name is a locus gene,GFER,GFER
Q8J015,RPL13A,RPL13A,master name is a locus gene,RPL13A,
A0A286YFE1,PHGDH,PHGDH,master name is a locus gene,PHGDH,PHGDH
K7EPQ4,WDR7,WDR7,master name is a locus gene,WDR7,WDR7
A0A2R8Y7W9,VPS45,VPS45,master name is a locus gene,VPS45,VPS45
J3QLH2,RBBP8,RBBP8,master name is a locus gene,RBBP8,RBBP8
C9IZG4,CUTA,CUTA,master name is a locus gene,CUTA,CUTA
G3V2U7,ACYP1,ACYP1,master name is a locus gene,ACYP1,ACYP1
A0A0B4J2A3,PPP1R14A,PPP1R14A,master name is a locus gene,PPP1R14A,PPP1R14A
F8WCH9,HACL1,HACL1,master name is a locus gene,HACL1,HACL1
F8W029,NACA,NACA,master name is a locus gene,NACA,NACA
I3L3L5,ZNF771,ZNF771,master name is a locus gene,ZNF771,ZNF771
H3BRY2,ZNF771,ZNF771,master name is a locus gene,ZNF771,ZNF771
C9J8T6,COX17,COX17,master name is a locus gene,COX17,COX17
M0R140,RPS19,RPS19,master name is a locus gene,RPS19,RPS19
A0A2R8Y6S7,GRIP1,GRIP1,master name is a locus gene,GRIP1,GRIP1
A0A6Q8PG89,CEP104,CEP104,master name is a locus gene,CEP104,CEP104
J3QKK1,ALDOC,ALDOC,master name is a locus gene,ALDOC;RSKR,ALDOC
H0Y2U4,ANKRD11,ANKRD11,master name is a locus gene,ANKRD11,ANKRD11
A0A994J3W4,HMGN3,HMGN3,master name is a locus gene,HMGN3,HMGN3
A0A9L9PXC9,HMGN3,HMGN3,master name is a locus gene,HMGN3,HMGN3
C9JLI6,RPS27L,RPS27L,master name is a locus gene,RPS27L,RPS27L
E5RJR4,PTTG1,PTTG1,master name is a locus gene,PTTG1,PTTG1
G3V2Q5,ACTR10,ACTR10,master name is a locus gene,ACTR10,ACTR10
A0A087WTX8,SCAMP1,SCAMP1,master name is a locus gene,SCAMP1,SCAMP1
E9PQK3,RPS25,RPS25,master name is a locus gene,RPS25,RPS25
E9PK60,RPS25,RPS25,master name is a locus gene,RPS25,RPS25
I3L505,NDUFAB1,NDUFAB1,master name is a locus gene,NDUFAB1,NDUFAB1
Q659G3,SRP9,SRP9,master name is a locus gene,SRP9,
J3KT73,RPL38,RPL38,master name is a locus gene,RPL38,RPL38
J3QL01,RPL38,RPL38,master name is a locus gene,RPL38,RPL38
F8VRZ4,TUBA1A,TUBA1A,no locus data,,TUBA1A
A0A494C1P5,CHN1,CHN1,master name is a locus gene,CHN1,CHN1
M0R210,RPS16,RPS16,master name is a locus gene,RPS16,RPS16
M0R3H0,RPS16,RPS16,master name is a locus gene,RPS16,RPS16
U3KQ49,ASDURF,ASDURF,master name is a locus gene,ASDURF;ASNSD1,ASDURF
E9PLX7,RPL27A,RPL27A,master name is a locus gene,RPL27A,RPL27A
E9PLL6,RPL27A,RPL27A,master name is a locus gene,RPL27A,RPL27A
I3L266,SLC26A11,SLC26A11,master name is a locus gene,SLC26A11,SLC26A11
A0A6Q8PGL0,FIG4,FIG4,master name is a locus gene,FIG4,FIG4
B5MCT8,RPS9,RPS9,master name is a locus gene,RPS9,RPS9
A8MXK4,RPS9,RPS9,master name is a locus gene,RPS9,RPS9
E9PQV9,DCUN1D5,DCUN1D5,master name is a locus gene,DCUN1D5,DCUN1D5
F6T7Q3,FKBP1A,FKBP1A,no locus data,,FKBP1A
Q2PPL5,TRMU,TRMU,no locus data,,
I3L1U4,SERPINF1,SERPINF1,master name is a locus gene,SERPINF1,SERPINF1
C9J4W5,EIF5A2,EIF5A2,master name is a locus gene,EIF5A2,EIF5A2
A0A8I5KTJ3,HSBP1,HSBP1,master name is a locus gene,HSBP1,HSBP1
X6R9C8,CENPP,CENPP,master name is a locus gene,CENPP,CENPP
M0QZ21,AP2S1,AP2S1,master name is a locus gene,AP2S1,AP2S1
E9PCY8,FAM120AOS,FAM120AOS,master name is a locus gene,FAM120AOS,FAM120AOS
R4GMN5,ANKS1B,ANKS1B,master name is a locus gene,ANKS1B,ANKS1B
F5H265,UBC,UBC,master name is a locus gene,UBC,UBC
A0A8I5KR62,ECSIT,ECSIT,master name is a locus gene,ECSIT,ECSIT
J3KN89,FAU,FAU,master name is a locus gene,FAU,FAU
A0A0C4DGL3,DUT,DUT,master name is a locus gene,DUT,DUT
K7EM56,RPS15,RPS15,master name is a locus gene,RPS15,RPS15
F2Z2I8,STOML2,STOML2,master name is a locus gene,STOML2,STOML2
A0A6I8PLD9,KRTCAP2,KRTCAP2,master name is a locus gene,KRTCAP2,KRTCAP2
Q8WVC2,RPS21,RPS21,master name is a locus gene,RPS21,
J3JS69,RPS18,RPS18,master name is a locus gene,RPS18,RPS18
K7EQH5,TLE5,TLE5,master name is a locus gene,TLE5,TLE5
D6R9H7,ATP5MC1,ATP5MC1,master name is a locus gene,ATP5MC1,ATP5MC1
E7EPU7,ATP5MC1,ATP5MC1,master name is a locus gene,ATP5MC1,ATP5MC1
E7EQ97,ATP5MC1,ATP5MC1,master name is a locus gene,ATP5MC1,ATP5MC1
A0A494C1M1,CDC42,CDC42,master name is a locus gene,ENSG00000289694;CDC42,CDC42
H0YL83,ETFA,ETFA,master name is a locus gene,ETFA,ETFA
A0A7P0TAC2,HSP90B1,HSP90B1,master name is a locus gene,HSP90B1,HSP90B1
A0A7P0Z4B4,HSP90B1,HSP90B1,master name is a locus gene,HSP90B1,HSP90B1
A0A7P0T8C8,HSP90B1,HSP90B1,master name is a locus gene,HSP90B1,HSP90B1
F8WDR0,NT5C3A,NT5C3A,master name is a locus gene,NT5C3A,NT5C3A
F8W9K7,NDUFS8,NDUFS8,master name is a locus gene,NDUFS8,NDUFS8
A0A0D9SFY7,WAC,WAC,master name is a locus gene,WAC,WAC
A0A087WTE2,NPRL3,NPRL3,master name is a locus gene,NPRL3,NPRL3
H3BMK2,STX4,STX4,master name is a locus gene,STX4,STX4
G3V3J6,TUBB3,TUBB3,master name is a locus gene,TUBB3,TUBB3
G3V3R4,TUBB3,TUBB3,master name is a locus gene,TUBB3,TUBB3
G3V4U2,TUBB3,TUBB3,master name is a locus gene,TUBB3,TUBB3
K7EQT3,TUBB6,TUBB6,master name is a locus gene,TUBB6,TUBB6
K7EJ64,TUBB6,TUBB6,master name is a locus gene,TUBB6,TUBB6
K7EPE5,TUBB6,TUBB6,master name is a locus gene,TUBB6,TUBB6
K7EJZ4,TUBB6,TUBB6,master name is a locus gene,TUBB6,TUBB6
M0R2T4,TUBB4A,TUBB4A,master name is a locus gene,TUBB4A,TUBB4A
M0R0X0,TUBB4A,TUBB4A,master name is a locus gene,TUBB4A,TUBB4A
M0QY37,TUBB4A,TUBB4A,master name is a locus gene,TUBB4A,TUBB4A
M0QY85,TUBB4A,TUBB4A,master name is a locus gene,TUBB4A,TUBB4A
M0R0M1,TUBB4A,TUBB4A,master name is a locus gene,TUBB4A,TUBB4A
F5H077,RAP1B,RAP1B,master name is a locus gene,RAP1B,RAP1B
J3KMY5,NPC2,NPC2,master name is a locus gene,NPC2,NPC2
A0A0A0MRL0,ILF2,ILF2,master name is a locus gene,ILF2,ILF2
M0R1A7,RPL18A,RPL18A,master name is a locus gene,RPL18A,RPL18A
Q9BU27,FAM3A,FAM3A,no locus data,,
E9PNH7,CRYAB,CRYAB,master name is a locus gene,CRYAB,CRYAB
A0A024R3B9,CRYAB,CRYAB,master name is a locus gene,CRYAB,CRYAB
K7EPR9,APOC1,APOC1,master name is a locus gene,APOC1,APOC1
D6RA01,MANBA,MANBA,master name is a locus gene,MANBA,MANBA
J3KSE9,NAT9,NAT9,master name is a locus gene,NAT9,NAT9
A0A804HKA5,FTCD,FTCD,master name is a locus gene,FTCD,FTCD
F5H044,SEMA4D,SEMA4D,master name is a locus gene,SEMA4D,SEMA4D
A0A804HIB5,LOC127933115,SAT1,named locus gene,SAT1;ENSG00000288706,LOC127933115
K7EQA1,PDCD5,PDCD5,master name is a locus gene,PDCD5,PDCD5
A0A087WWI1,RNASET2,RNASET2,master name is a locus gene,RNASET2,RNASET2
J3QQ64,RNASET2,RNASET2,master name is a locus gene,RNASET2,RNASET2
G3V3U6,MRPL52,MRPL52,master name is a locus gene,MRPL52,MRPL52
F8WDF4,SZRD1,SZRD1,master name is a locus gene,SZRD1,SZRD1
F8W7Q4,FAM162A,FAM162A,master name is a locus gene,FAM162A,FAM162A
A0A140TA84,MICOS13,MICOS13,master name is a locus gene,MICOS13,MICOS13
A0A140TA86,MICOS13,MICOS13,master name is a locus gene,MICOS13,MICOS13
A0A087WZ33,UPF3A,UPF3A,master name is a locus gene,UPF3A,UPF3A
G3V361,CALM1,CALM1,master name is a locus gene,CALM1,CALM1
A0A590UJI2,CALM2,CALM2,master name is a locus gene,CALM2;ENSG00000273269,CALM2
Q96HY3,CALM1,CALM2,own gene,CALM2;ENSG00000273269,CALM1
E9PNP3,AAMDC,AAMDC,no locus data,,AAMDC
F6U0C2,SELENOT,SELENOT,master name is a locus gene,SELENOT,SELENOT
K7EKX0,VAMP3,VAMP3,master name is a locus gene,VAMP3,VAMP3
I3L3T0,PAM16,PAM16,master name is a locus gene,PAM16,PAM16
K7ERH2,PLEKHJ1,PLEKHJ1,master name is a locus gene,PLEKHJ1,PLEKHJ1
F8VUW5,DAZAP2,DAZAP2,master name is a locus gene,DAZAP2,DAZAP2
B4E0E3,TMEM134,TMEM134,no locus data,,
G3V1M5,TMEM134,TMEM134,master name is a locus gene,TMEM134,TMEM134
E9PN15,WDR47,WDR47,master name is a locus gene,WDR47,WDR47
G3XAP1,COPS7A,COPS7A,master name is a locus gene,COPS7A,COPS7A
E9PJ44,DERA,DERA,master name is a locus gene,DERA,DERA
B8ZZK5,PDE6D,PDE6D,master name is a locus gene,PDE6D,PDE6D
F8W7R6,PPA2,PPA2,master name is a locus gene,PPA2,PPA2
I3L2A5,ASPHD1,ASPHD1,master name is a locus gene,ASPHD1,ASPHD1
J3KT46,ARHGEF15,ARHGEF15,master name is a locus gene,ARHGEF15,ARHGEF15
A0A3B3IRP2,DLG4,DLG4,master name is a locus gene,DLG4,DLG4
A0A0B4J239,DAD1,DAD1,master name is a locus gene,DAD1,DAD1
J3QRU4,VAMP2,VAMP2,master name is a locus gene,VAMP2;ENSG00000263620,VAMP2
C9JY37,WDR49,WDR49,master name is a locus gene,WDR49,WDR49
F2Z299,LRRC23,LRRC23,master name is a locus gene,LRRC23,LRRC23
E5RIH3,PSD3,PSD3,master name is a locus gene,PSD3,PSD3
G3V2R5,MAX,MAX,master name is a locus gene,MAX,MAX
Q6V3B1,MAX,MAX,master name is a locus gene,MAX,
U3KQS8,POLR2F,POLR2F,master name is a locus gene,POLR2F,POLR2F
F8WC47,POLR2F,POLR2F,master name is a locus gene,POLR2F,POLR2F
U3KQQ7,POLR2F,POLR2F,master name is a locus gene,POLR2F,POLR2F
D6RC54,CAST,CAST,master name is a locus gene,CAST,CAST
B8ZZN6,SUMO1,SUMO1,master name is a locus gene,SUMO1,SUMO1
D3DX86,DBNDD1,DBNDD1,master name is a locus gene,DBNDD1,DBNDD1
K7EL17,ARRB2,ARRB2,master name is a locus gene,ARRB2,ARRB2
M0QXC2,GMFG,GMFG,master name is a locus gene,GMFG,GMFG
A0A8J9ASM4,TRA2A,TRA2A,master name is a locus gene,TRA2A,TRA2A
K7EQB1,STX8,STX8,master name is a locus gene,STX8,STX8
A8MUA9,SUMO3,SUMO3,master name is a locus gene,SUMO3,SUMO3
F2Z309,SEM1,SEM1,master name is a locus gene,SEM1,SEM1
F2Z2L7,SEM1,SEM1,master name is a locus gene,SEM1,SEM1
A8MRB1,S100B,S100B,master name is a locus gene,S100B,S100B
E9PPW6,MFF,MFF,master name is a locus gene,MFF,MFF
B5MC22,MTFP1,MTFP1,master name is a locus gene,MTFP1;ENSG00000249590,MTFP1
X6R8S9,PITHD1,PITHD1,master name is a locus gene,PITHD1,PITHD1
S4R2Y3,VPS26A,VPS26A,master name is a locus gene,VPS26A,VPS26A
F2Z3P9,NDUFB4,NDUFB4,master name is a locus gene,NDUFB4,NDUFB4
B4DJK0,SRSF5,SRSF5,master name is a locus gene,SRSF5,
D6RDG7,SFXN1,SFXN1,master name is a locus gene,SFXN1,SFXN1
J3KTI2,MIEN1,MIEN1,master name is a locus gene,MIEN1,MIEN1
A0A7I2V345,GSK3A,GSK3A,master name is a locus gene,GSK3A,GSK3A
A0A0A0MTN6,BLOC1S5,BLOC1S5,master name is a locus gene,BLOC1S5,BLOC1S5
F8WE41,NCBP2,NCBP2,master name is a locus gene,NCBP2,NCBP2
E9PBH4,EIF4A2,EIF4A2,master name is a locus gene,EIF4A2,EIF4A2
F8WE11,EIF4A2,EIF4A2,master name is a locus gene,EIF4A2,EIF4A2
I3L1B5,RPGRIP1L,RPGRIP1L,master name is a locus gene,RPGRIP1L,RPGRIP1L
E5RFU0,SNAP91,SNAP91,master name is a locus gene,SNAP91,SNAP91
F8WBS5,RPL35A,RPL35A,master name is a locus gene,RPL35A,RPL35A
A0A994J5G1,TUBA3FP,TUBA3FP,master name is a locus gene,TUBA3FP;ENSG00000291240,TUBA3FP
A0A8I5KYK4,CYB5B,CYB5B,master name is a locus gene,CYB5B,CYB5B
F5H8D0,MRPL48,MRPL48,master name is a locus gene,MRPL48,MRPL48
C9J3P9,PLSCR4,PLSCR4,master name is a locus gene,PLSCR4,PLSCR4
A0A2R8Y798,ENO1,ENO1,master name is a locus gene,ENO1,ENO1
E9PLN1,CFAP68,CFAP68,master name is a locus gene,CFAP68,CFAP68
F8VZJ2,NACA,NACA,master name is a locus gene,NACA;ENSG00000285625,NACA
E9PQB6,MRPL11,MRPL11,master name is a locus gene,MRPL11,MRPL11
H3BN34,PKM,PKM,master name is a locus gene,PKM,PKM
C9JG93,SEPTIN2,SEPTIN2,master name is a locus gene,SEPTIN2,SEPTIN2
F8WB65,SEPTIN2,SEPTIN2,master name is a locus gene,SEPTIN2,SEPTIN2
J3KT29,RPL23,RPL23,master name is a locus gene,RPL23,RPL23
H3BT58,COTL1,COTL1,master name is a locus gene,COTL1,COTL1
D6REK4,MATR3,MATR3,master name is a locus gene,MATR3,MATR3
A0A286YF95,MAPK10,MAPK10,master name is a locus gene,MAPK10,MAPK10
A0A1B0GUP9,FAM240C,FAM240C,master name is a locus gene,FAM240C,FAM240C
E5RH67,CETN3,CETN3,master name is a locus gene,CETN3,CETN3
F6RTM7,STX10,STX10,master name is a locus gene,STX10,STX10
A0A8I5KSW7,CUL2,CUL2,master name is a locus gene,CUL2,CUL2
F8VS86,APPL2,APPL2,master name is a locus gene,APPL2,APPL2
M0R1L8,SNAPC2,SNAPC2,master name is a locus gene,SNAPC2,SNAPC2
A0A0B4J254,SNRPF,SNRPF,master name is a locus gene,SNRPF,SNRPF
B4DP81,CEP76,CEP76,no locus data,,
F5H2U0,PPP1R14B,PPP1R14B,master name is a locus gene,PPP1R14B,PPP1R14B
Q6P5Q6,LIAS,LIAS,master name is a locus gene,LIAS,
Q9HB66,MKKS,MKKS,master name is a locus gene,MKKS;ENSG00000285723;ENSG00000285508,
F8WE26,MTX2,MTX2,master name is a locus gene,MTX2,MTX2
Q6P7P1,ATM,ATM,master name is a locus gene,ATM,
E9PLM3,RAB30,RAB30,master name is a locus gene,RAB30,RAB30
A0A7I2V638,RPL19,RPL19,master name is a locus gene,RPL19,RPL19
A0A7I2V2L0,RPL19,RPL19,master name is a locus gene,RPL19,RPL19
A0A7I2V512,RPL19,RPL19,master name is a locus gene,RPL19,RPL19
A0A7I2V4U6,RPL19,RPL19,master name is a locus gene,RPL19,RPL19
F8VNS3,OXSM,OXSM,master name is a locus gene,OXSM,OXSM
D6RIX5,TMEM144,TMEM144,master name is a locus gene,TMEM144,TMEM144
F8W8T7,SDAD1,SDAD1,master name is a locus gene,SDAD1,SDAD1
F5H4C9,MSRB3,MSRB3,master name is a locus gene,MSRB3,MSRB3
C9JWG0,UGP2,UGP2,master name is a locus gene,UGP2,UGP2
F5H867,SLC3A2,SLC3A2,no locus data,,SLC3A2
A0A1W2PRU0,ENSA,ENSA,master name is a locus gene,ENSA,ENSA
Q96A10,ERVK3-1,ERVK3-1,master name is a locus gene,ENSG00000283515;ERVK3-1,
D6R9Q0,ZNF302,ZNF302,master name is a locus gene,ZNF302,ZNF302
E5RI69,TATDN1,TATDN1,master name is a locus gene,TATDN1,TATDN1
H0YLV7,RMDN3,RMDN3,master name is a locus gene,RMDN3,RMDN3
C9JBY7,MRPS33,MRPS33,master name is a locus gene,MRPS33,MRPS33
A0A0D9SGD0,SLC12A5,SLC12A5,master name is a locus gene,SLC12A5,SLC12A5
A0A2R8YEK1,BCL11A,BCL11A,master name is a locus gene,BCL11A,BCL11A
I3NI53,CRYM,CRYM,no locus data,,CRYM
A0A0B4J1Z1,SRSF7,SRSF7,master name is a locus gene,SRSF7,SRSF7
F5H7Z5,TMEM258,TMEM258,master name is a locus gene,TMEM258,TMEM258
G3V238,EEF1AKMT2,EEF1AKMT2,master name is a locus gene,EEF1AKMT2,EEF1AKMT2
A0A087WT92,LAMTOR4,LAMTOR4,master name is a locus gene,LAMTOR4,LAMTOR4
G3V3W4,PSMA3,PSMA3,master name is a locus gene,PSMA3,PSMA3
A0AAQ5BHE0,SMAD3,SMAD3,master name is a locus gene,SMAD3,SMAD3
Q5TAQ6,DCAF8,DCAF8,master name is a locus gene,DCAF8;ENSG00000258465,DCAF8
E5RHD8,PTK2,PTK2,master name is a locus gene,PTK2,PTK2
A0A1W2PRI1,GNG14,GNG14,no locus data,,
J3KRY7,TMEM208,TMEM208,master name is a locus gene,TMEM208,TMEM208
A0A0C4DH51,TTC21A,TTC21A,master name is a locus gene,TTC21A,TTC21A
B4DQX9,MACF1,MACF1,no locus data,,
E5RK27,VDAC3,VDAC3,master name is a locus gene,VDAC3,VDAC3
K7EKZ3,VPS4B,VPS4B,master name is a locus gene,VPS4B,VPS4B
A0A804HJW1,BSCL2,BSCL2,master name is a locus gene,BSCL2,BSCL2
F5H3K7,RAB6A,RAB6A,master name is a locus gene,RAB6A,RAB6A
A0A0R4J2E5,UBE2A,UBE2A,master name is a locus gene,UBE2A,UBE2A
D6RBZ1,RNF4,RNF4,master name is a locus gene,RNF4,RNF4
X6R3J2,SS18,SS18,master name is a locus gene,SS18,SS18
H3BRH8,SH3GL3,SH3GL3,master name is a locus gene,SH3GL3,SH3GL3
H3BNI4,ATP6V0C,ATP6V0C,master name is a locus gene,ENSG00000260272;ATP6V0C,ATP6V0C
K7EKR5,UBALD1,UBALD1,master name is a locus gene,UBALD1,UBALD1
I3L2T6,LITAF,LITAF,master name is a locus gene,LITAF,LITAF
J3KS16,AKAIN1,AKAIN1,master name is a locus gene,AKAIN1,AKAIN1
R4GN69,HSPH1,HSPH1,master name is a locus gene,HSPH1,HSPH1
A0A2R8YEI8,DEPDC5,DEPDC5,master name is a locus gene,DEPDC5;ENSG00000285404,DEPDC5
E9PIB1,HLA-DQB1,HLA-DQB1,master name is a locus gene,HLA-DQB1,HLA-DQB1
X6RH63,APCDD1,APCDD1,master name is a locus gene,APCDD1,APCDD1
A0A0B4J2B4,RPS15,RPS15,master name is a locus gene,RPS15,RPS15
A0A087X282,TAX1BP3,TAX1BP3,master name is a locus gene,TAX1BP3,TAX1BP3
H0YK61,EMC4,EMC4,master name is a locus gene,EMC4,EMC4
B4DM50,MOB4,MOB4,no locus data,,
E5RFM3,CTNNA1,CTNNA1,master name is a locus gene,CTNNA1,CTNNA1
E5RGN3,ATOX1,ATOX1,master name is a locus gene,ATOX1,ATOX1
C9JAD7,ARHGEF7,ARHGEF7,master name is a locus gene,ARHGEF7,ARHGEF7
D6R909,RACK1,RACK1,master name is a locus gene,RACK1,RACK1
A0A6Q8PHJ6,HSPB1,HSPB1,master name is a locus gene,HSPB1,HSPB1
M0QZN2,RPS5,RPS5,master name is a locus gene,RPS5,RPS5
M0QXW3,DBP,DBP,master name is a locus gene,DBP,DBP
Q9H029,SAR1B,SAR1B,master name is a locus gene,SAR1B,
E9PKB6,ATP6V0B,ATP6V0B,master name is a locus gene,ATP6V0B,ATP6V0B
E9PLW2,OXR1,OXR1,master name is a locus gene,OXR1,OXR1
A0A087WZX2,NDUFB6,NDUFB6,master name is a locus gene,NDUFB6,NDUFB6
F8VW30,PFKM,PFKM,master name is a locus gene,PFKM,PFKM
I3L223,LRRC59,LRRC59,master name is a locus gene,LRRC59,LRRC59
D6RG19,RPL37,RPL37,master name is a locus gene,RPL37,RPL37
J3QSY4,NHP2,NHP2,master name is a locus gene,NHP2,NHP2
A0A075B6E2,RPS19,RPS19,master name is a locus gene,RPS19,RPS19
E5RJG1,ATP6V1H,ATP6V1H,master name is a locus gene,ATP6V1H,ATP6V1H
M0R1A0,NOVA2,NOVA2,master name is a locus gene,NOVA2,NOVA2
E7EUS7,SLC1A3,SLC1A3,master name is a locus gene,SLC1A3,SLC1A3
F5H702,MRPL48,MRPL48,master name is a locus gene,MRPL48,MRPL48
H3BN16,PHKG2,PHKG2,no locus data,,PHKG2
B0AZT5,NAA50,NAA50,no locus data,,
H3BPB4,SH2B1,SH2B1,master name is a locus gene,SH2B1,SH2B1
I3L1S3,TBCD,TBCD,master name is a locus gene,TBCD,TBCD
G3V113,UBE2V2,UBE2V2,master name is a locus gene,UBE2V2,UBE2V2
Q4VY19,YWHAB,YWHAB,master name is a locus gene,YWHAB,YWHAB
G3V1B3,RPL21,RPL21,master name is a locus gene,RPL21,RPL21
C9JXZ5,VAMP8,VAMP8,master name is a locus gene,VAMP8,VAMP8
M0R1T7,NOSIP,NOSIP,master name is a locus gene,NOSIP,NOSIP
C9JXA7,LAMTOR4,LAMTOR4,master name is a locus gene,LAMTOR4,LAMTOR4
E9PJW6,FIBP,FIBP,master name is a locus gene,FIBP,FIBP
S4R3J7,NTMT1,NTMT1,master name is a locus gene,NTMT1,NTMT1
F8WBU9,TAX1BP1,TAX1BP1,master name is a locus gene,TAX1BP1,TAX1BP1
Q68DC0,MDM4,MDM4,master name is a locus gene,MDM4,
A0A8I5KTA1,PDIA3,PDIA3,master name is a locus gene,PDIA3,PDIA3
H0YKK6,PSME1,PSME1,master name is a locus gene,PSME1,PSME1
A0A087WW56,SRGAP2B,SRGAP2B,master name is a locus gene,SRGAP2B,SRGAP2B
I3L317,MCRIP1,MCRIP1,master name is a locus gene,MCRIP1,MCRIP1
A0A0A0MS47,OPALIN,OPALIN,master name is a locus gene,OPALIN,OPALIN
H3BT62,HEXA,HEXA,master name is a locus gene,HEXA,HEXA
E9PC20,RAMP1,RAMP1,master name is a locus gene,RAMP1,RAMP1
E9PQR3,FTH1,FTH1,master name is a locus gene,FTH1,FTH1
E9PRK8,FTH1,FTH1,no locus data,,FTH1
J3QKK4,EPB41L3,EPB41L3,master name is a locus gene,EPB41L3,EPB41L3
J3QR33,EPB41L3,EPB41L3,master name is a locus gene,EPB41L3,EPB41L3
Q4VXN8,EPB41L1,EPB41L1,master name is a locus gene,EPB41L1,EPB41L1
F8VP72,ACTR6,ACTR6,master name is a locus gene,ACTR6,ACTR6
S4R3P3,SNRPB,SNRPB,master name is a locus gene,SNRPB,SNRPB
G3V415,GNG2,GNG2,master name is a locus gene,GNG2,GNG2
A0A0C4DH44,RPL30,RPL30,master name is a locus gene,RPL30,RPL30
M0QXH0,TXN2,TXN2,master name is a locus gene,TXN2,TXN2
H7C5W3,SERP2,SERP2,master name is a locus gene,SERP2,SERP2
K7EIR2,MICOS13,MICOS13,master name is a locus gene,MICOS13,MICOS13
S4R3A2,FABP3,FABP3,master name is a locus gene,FABP3,FABP3
S4R338,NTMT1,NTMT1,master name is a locus gene,NTMT1,NTMT1
B1AH77,RAC2,RAC2,master name is a locus gene,RAC2,RAC2
F5GY40,NDUFA9,NDUFA9,master name is a locus gene,NDUFA9,NDUFA9
E7EPB3,RPL14,RPL14,master name is a locus gene,RPL14,RPL14
B7Z2L8,CCDC25,CCDC25,no locus data,,
C9IYJ8,ABHD14A,ABHD14A,master name is a locus gene,ABHD14A,ABHD14A
H0YNX7,GCHFR,GCHFR,master name is a locus gene,GCHFR,GCHFR
H0YE90,GFUS,GFUS,master name is a locus gene,GFUS,GFUS
C9J931,RHEB,RHEB,master name is a locus gene,RHEB,RHEB
B1AH72,PVALB,PVALB,master name is a locus gene,PVALB,PVALB
F8W6P5,HBB,HBB,master name is a locus gene,HBB,HBB
A0A2R8Y7R2,HBB,HBB,master name is a locus gene,HBB,HBB
E9PEW8,HBD,HBD,master name is a locus gene,HBD,HBD
H3BUK6,TRAPPC2L,TRAPPC2L,master name is a locus gene,TRAPPC2L,TRAPPC2L
A0A024R772,NDUFA5,NDUFA5,master name is a locus gene,NDUFA5,NDUFA5
A6NIV2,TOMM7,TOMM7,master name is a locus gene,TOMM7,TOMM7
K7EJ19,NARS1,NARS1,master name is a locus gene,NARS1,NARS1
K7EJB5,SNRPD2,SNRPD2,master name is a locus gene,SNRPD2,SNRPD2
H0YLA2,SRP14,SRP14,master name is a locus gene,SRP14,SRP14
I3L471,PITPNA,PITPNA,master name is a locus gene,PITPNA,PITPNA
F8VR68,APPL2,APPL2,master name is a locus gene,APPL2,APPL2
K7EPZ9,ARK2C,ARK2C,master name is a locus gene,ARK2C,ARK2C
F5H2R8,PDE2A,PDE2A,master name is a locus gene,PDE2A,PDE2A
J3KTJ3,RPL23,RPL23,master name is a locus gene,RPL23,RPL23
A0A7I2V2R0,G3BP2,G3BP2,master name is a locus gene,G3BP2,G3BP2
F8WBT9,APOD,APOD,master name is a locus gene,APOD,APOD
D6RCR6,NNT,NNT,master name is a locus gene,NNT,NNT
C9J5S7,PPIA,PPIA,master name is a locus gene,PPIA,PPIA
H0Y5B4,RPL36A,RPL36A,master name is a locus gene,RPL36A,RPL36A
Q9BR81,PCDHGC3,PCDHGC3,master name is a locus gene,PCDHGC3;PCDHGA1,
H3BRM5,COX5A,COX5A,master name is a locus gene,COX5A,COX5A
C9J6V4,ARHGAP26,ARHGAP26,master name is a locus gene,ARHGAP26,ARHGAP26
F8WEY3,PTPN7,PTPN7,master name is a locus gene,PTPN7,PTPN7
A0A5F9ZHM5,PHACTR3,PHACTR3,master name is a locus gene,PHACTR3,PHACTR3
I3L3E4,CHMP6,CHMP6,master name is a locus gene,CHMP6,CHMP6
A0A0A0MR04,SEC11C,SEC11C,master name is a locus gene,SEC11C,SEC11C
I3L246,RPS15A,RPS15A,master name is a locus gene,RPS15A,RPS15A
E7EMY4,L1CAM,L1CAM,master name is a locus gene,L1CAM,L1CAM
I3L535,CHRNB1,CHRNB1,master name is a locus gene,CHRNB1,CHRNB1
M0R1D2,GMFG,GMFG,master name is a locus gene,GMFG,GMFG
A0A5H1ZRQ9,COA8,COA8,master name is a locus gene,COA8;KLC1,COA8
K7ESQ5,ZNF461,ZNF461,master name is a locus gene,ZNF461,ZNF461
E5RJ84,ENY2,ENY2,master name is a locus gene,ENY2,ENY2
M0QX69,UBE2M,UBE2M,master name is a locus gene,UBE2M,UBE2M
F8WAX7,SELENOK,SELENOK,master name is a locus gene,SELENOK,SELENOK
A6NNM2,NKAIN4,NKAIN4,master name is a locus gene,NKAIN4,NKAIN4
A0A7I2V563,CTSH,CTSH,master name is a locus gene,CTSH,CTSH
F8VYR5,MRPS24,MRPS24,master name is a locus gene,MRPS24;URGCP-MRPS24,MRPS24
H3BU22,GDE1,GDE1,master name is a locus gene,GDE1,GDE1
F8VRX0,PRR13,PRR13,master name is a locus gene,PRR13,PRR13
R4GND7,GOLGA2,GOLGA2,master name is a locus gene,GOLGA2,GOLGA2
C9JQ41,MIX23,MIX23,master name is a locus gene,MIX23,MIX23
K7EJ28,TNFSF13,TNFSF13,master name is a locus gene,TNFSF12-TNFSF13;TNFSF13,TNFSF13
E9PRU5,C11orf24,C11orf24,master name is a locus gene,C11orf24,C11orf24
A0AAQ5BGU6,TMEM127,TMEM127,master name is a locus gene,TMEM127,TMEM127
K7ESL1,TXNL4A,TXNL4A,master name is a locus gene,TXNL4A,TXNL4A
F8W7T0,TES,TES,master name is a locus gene,TES,TES
D6R941,KGD4,KGD4,master name is a locus gene,KGD4,KGD4
H0YIA2,SDSL,SDSL,master name is a locus gene,SDSL,SDSL
F8W1A0,PPP1CC,PPP1CC,master name is a locus gene,PPP1CC,PPP1CC
A0A994J3S8,GLS,GLS,master name is a locus gene,GLS,GLS
H0YC31,NIPAL4,NIPAL4,master name is a locus gene,NIPAL4,NIPAL4
A0A2R8Y8A2,RGS6,RGS6,master name is a locus gene,RGS6,RGS6
A0A0J9YXU2,EEF1D,EEF1D,no locus data,,EEF1D
H0YAS7,PABPC1,PABPC1,master name is a locus gene,PABPC1,PABPC1
M0R2S1,UBA52,UBA52,master name is a locus gene,UBA52,UBA52
H0Y9N3,PHYKPL,PHYKPL,master name is a locus gene,PHYKPL,PHYKPL
A0A7P0TA93,USP13,USP13,master name is a locus gene,USP13,USP13
A0A669KBK4,STAT1,STAT1,master name is a locus gene,STAT1,STAT1
A0A7I2V5G0,MACROH2A2,MACROH2A2,master name is a locus gene,MACROH2A2,MACROH2A2
H7BZ18,MCFD2,MCFD2,master name is a locus gene,MCFD2,MCFD2
K7EL00,ZFP28,ZFP28,master name is a locus gene,ZFP28,ZFP28
A0A1B0GVF1,A0A1B0GVF1,ENSG00000250644,unnamed locus gene,ENSG00000250644,
H0YEB1,SLC1A2,SLC1A2,master name is a locus gene,SLC1A2,SLC1A2
H7C416,PPP1R2,PPP1R2,master name is a locus gene,PPP1R2,PPP1R2
H0Y9X3,PDCD6,PDCD6,master name is a locus gene,PDCD6,PDCD6
A0A3B3IU32,A0A3B3IU32,ENSG00000285558,unnamed locus gene,ENSG00000285558,
A0A0C4DH61,DMD,DMD,master name is a locus gene,DMD,DMD
A0A494C0Y0,LOC114841035,FKBP2,named locus gene,ENSG00000286264;FKBP2,LOC114841035
V9GZ74,FBXO9,FBXO9,master name is a locus gene,FBXO9,FBXO9
K7ENY4,RAB5C,RAB5C,master name is a locus gene,RAB5C,RAB5C
A0A087WWP1,IQGAP1,IQGAP1,master name is a locus gene,IQGAP1,IQGAP1
A0A087WXN3,BTBD2,BTBD2,master name is a locus gene,BTBD2,BTBD2
A0A1W2PQ25,GFAP,GFAP,master name is a locus gene,GFAP,GFAP
A0A0U1RRM2,SEPTIN7,SEPTIN7,master name is a locus gene,SEPTIN7,SEPTIN7
H7BZ50,MZT2B,MZT2B,master name is a locus gene,MZT2B,MZT2B
A0A494C034,TPM3,TPM3,master name is a locus gene,TPM3,TPM3
H7BZ56,SYNJ1,SYNJ1,master name is a locus gene,SYNJ1,SYNJ1
A0A0J9YXQ7,DOCK11,DOCK11,master name is a locus gene,DOCK11,DOCK11
A0A494C1U4,AQP1,AQP1,master name is a locus gene,AQP1,AQP1
K7EMJ7,SPIRE1,SPIRE1,master name is a locus gene,SPIRE1,SPIRE1
A0A590UJC9,GNAS,GNAS,master name is a locus gene,GNAS,GNAS
H0YAV8,POLB,POLB,master name is a locus gene,POLB,POLB
H3BPV0,MTSS2,MTSS2,no locus data,,MTSS2
H7C263,REV1,REV1,master name is a locus gene,REV1,REV1
S4R3R2,ANKRD10,ANKRD10,master name is a locus gene,ANKRD10,ANKRD10
H7C516,CCM2,CCM2,master name is a locus gene,CCM2,CCM2
H0YA16,PPP2R2B,PPP2R2B,master name is a locus gene,PPP2R2B,PPP2R2B
H0YNM2,SEMA4B,SEMA4B,master name is a locus gene,SEMA4B,SEMA4B
A0A1W2PS58,GFAP,GFAP,master name is a locus gene,GFAP,GFAP
H7C490,VPS8,VPS8,no locus data,,VPS8
A0A087X0Y3,NBPF9,NBPF9,master name is a locus gene,NBPF9,NBPF9
K7ERT3,ADNP2,ADNP2,master name is a locus gene,ADNP2,ADNP2
H7C315,FTCD,FTCD,master name is a locus gene,FTCD,FTCD
K7EIT4,YWHAE,YWHAE,master name is a locus gene,YWHAE,YWHAE
H7C114,PCLO,PCLO,master name is a locus gene,PCLO,PCLO
J3QQY7,TANC2,TANC2,no locus data,,TANC2
H7C202,MZT2A,MZT2A,master name is a locus gene,MZT2A,MZT2A
A0A0M3HER3,TRIM47,TRIM47,master name is a locus gene,TRIM47,TRIM47
K7EMC0,CHD5,CHD5,master name is a locus gene,CHD5,CHD5
M0QY01,EPS15L1,EPS15L1,master name is a locus gene,EPS15L1,EPS15L1
A0A994J4B1,HNRNPD,HNRNPD,master name is a locus gene,HNRNPD,HNRNPD
J3QRE5,DNHD1,DNHD1,master name is a locus gene,DNHD1,DNHD1
M0R0Q5,ZNF414,ZNF414,master name is a locus gene,ZNF414,ZNF414
H7C146,MAST4,MAST4,master name is a locus gene,MAST4,MAST4
I3L3Y1,CRYM,CRYM,master name is a locus gene,CRYM,CRYM
U3KQQ1,ENO2,ENO2,master name is a locus gene,ENO2,ENO2
A0A8V8TQ05,CAMK2B,CAMK2B,master name is a locus gene,CAMK2B,CAMK2B
K7EK21,PSMD8,PSMD8,master name is a locus gene,PSMD8,PSMD8
