start_codon,n,mean_full_kozak_fraction,median_full_kozak_fraction,mean_downstream_kozak_fraction,pct_weighted_strong,pct_weighted_adequate,pct_weighted_weak,pct_upstream_is_inframe_stop,pct_minus3_purine,pct_plus4_G,pct_canonical_strong,pct_canonical_weak,pct_full_upstream_window,initiation_tier,initiator_class
ATG,2456,0.431,0.429,0.33,20.9,41.0,38.1,4.6,58.7,40.9,25.7,26.0,96.7,0,ATG
AGA,41,0.268,0.143,0.305,9.8,19.5,70.7,87.8,0.0,29.3,0.0,70.7,87.8,,not-a-documented-initiator
GGA,41,0.281,0.286,0.348,2.4,34.1,63.4,87.8,0.0,51.2,0.0,48.8,87.8,3c,non-near-cognate
GCA,39,0.297,0.286,0.34,2.6,38.5,59.0,82.1,0.0,48.7,0.0,51.3,82.1,,not-a-documented-initiator
AAA,38,0.215,0.143,0.237,5.3,13.2,81.6,97.4,0.0,23.7,0.0,76.3,97.4,,not-a-documented-initiator
GGG,37,0.24,0.286,0.311,5.4,13.5,81.1,81.1,0.0,37.8,0.0,62.2,81.1,3c,non-near-cognate
GAG,33,0.219,0.143,0.303,0.0,27.3,72.7,84.8,0.0,36.4,0.0,63.6,84.8,,not-a-documented-initiator
GCT,32,0.303,0.286,0.359,3.1,43.8,53.1,90.6,0.0,56.2,0.0,43.8,90.6,3c,non-near-cognate
GGC,32,0.188,0.143,0.227,0.0,18.8,81.2,81.2,0.0,25.0,0.0,75.0,81.2,3c,non-near-cognate
AGC,30,0.222,0.286,0.217,3.3,13.3,83.3,73.3,0.0,20.0,0.0,80.0,73.3,3b,non-near-cognate
GAT,30,0.242,0.143,0.308,0.0,23.3,76.7,96.7,0.0,33.3,0.0,66.7,96.7,,not-a-documented-initiator
GAA,29,0.294,0.286,0.397,0.0,31.0,69.0,93.1,0.0,48.3,0.0,51.7,89.7,,not-a-documented-initiator
AGG,29,0.248,0.143,0.284,0.0,27.6,72.4,93.1,0.0,31.0,0.0,69.0,93.1,2,near-cognate
ATT,29,0.255,0.286,0.319,3.4,20.7,75.9,93.1,0.0,37.9,0.0,62.1,93.1,1,near-cognate
ACA,27,0.226,0.25,0.278,0.0,33.3,66.7,81.5,0.0,29.6,0.0,70.4,81.5,,not-a-documented-initiator
AGT,27,0.267,0.286,0.287,0.0,40.7,59.3,85.2,0.0,44.4,0.0,55.6,85.2,3c,non-near-cognate
ATA,27,0.228,0.286,0.259,0.0,18.5,81.5,100.0,0.0,3.7,0.0,96.3,100.0,1,near-cognate
GCC,26,0.253,0.214,0.269,0.0,30.8,69.2,73.1,0.0,30.8,0.0,69.2,73.1,,not-a-documented-initiator
CAG,26,0.208,0.143,0.25,3.8,19.2,76.9,76.9,0.0,34.6,0.0,65.4,76.9,,not-a-documented-initiator
CTT,25,0.256,0.286,0.32,0.0,24.0,76.0,92.0,0.0,32.0,0.0,68.0,92.0,,not-a-documented-initiator
GTC,24,0.17,0.143,0.156,0.0,4.2,95.8,79.2,0.0,4.2,0.0,95.8,79.2,3c,non-near-cognate
AAT,24,0.28,0.286,0.396,0.0,33.3,66.7,100.0,0.0,45.8,0.0,54.2,100.0,,not-a-documented-initiator
ACT,24,0.191,0.143,0.177,0.0,16.7,83.3,95.8,0.0,16.7,0.0,83.3,95.8,,not-a-documented-initiator
AAG,23,0.244,0.286,0.283,0.0,30.4,69.6,82.6,0.0,30.4,0.0,69.6,82.6,2,near-cognate
GGT,23,0.267,0.286,0.283,0.0,26.1,73.9,100.0,0.0,43.5,0.0,56.5,100.0,3c,non-near-cognate
TCC,22,0.175,0.143,0.227,0.0,22.7,77.3,90.9,0.0,27.3,0.0,72.7,90.9,,not-a-documented-initiator
TCT,21,0.248,0.143,0.298,4.8,23.8,71.4,85.7,0.0,33.3,0.0,66.7,85.7,3c,non-near-cognate
GCG,20,0.229,0.214,0.238,0.0,35.0,65.0,55.0,0.0,40.0,0.0,60.0,55.0,3a,non-near-cognate
GTG,20,0.218,0.214,0.212,0.0,20.0,80.0,90.0,0.0,20.0,0.0,80.0,90.0,1,near-cognate
CTG,20,0.247,0.214,0.312,5.0,30.0,65.0,85.0,0.0,45.0,0.0,55.0,85.0,1,near-cognate
CAA,20,0.229,0.286,0.25,0.0,20.0,80.0,85.0,0.0,25.0,0.0,75.0,85.0,,not-a-documented-initiator
CTC,20,0.266,0.143,0.3,5.0,40.0,55.0,75.0,0.0,45.0,0.0,55.0,75.0,,not-a-documented-initiator
TTT,20,0.243,0.286,0.3,0.0,35.0,65.0,100.0,0.0,30.0,0.0,70.0,100.0,3b,non-near-cognate
CTA,20,0.257,0.286,0.362,0.0,20.0,80.0,100.0,0.0,40.0,0.0,60.0,100.0,,not-a-documented-initiator
ACC,18,0.189,0.143,0.167,0.0,11.1,88.9,77.8,0.0,11.1,0.0,88.9,77.8,,not-a-documented-initiator
GTA,18,0.214,0.143,0.264,0.0,16.7,83.3,100.0,0.0,16.7,0.0,83.3,100.0,3b,non-near-cognate
GAC,17,0.175,0.143,0.191,0.0,17.6,82.4,88.2,0.0,17.6,0.0,82.4,88.2,,not-a-documented-initiator
TGG,17,0.21,0.143,0.235,0.0,17.6,82.4,94.1,0.0,29.4,0.0,70.6,94.1,,not-a-documented-initiator
CCC,16,0.221,0.196,0.25,0.0,18.8,81.2,75.0,0.0,31.2,0.0,68.8,75.0,,not-a-documented-initiator
CAC,16,0.179,0.143,0.188,0.0,12.5,87.5,87.5,0.0,12.5,0.0,87.5,87.5,,not-a-documented-initiator
GTT,16,0.147,0.143,0.156,0.0,12.5,87.5,81.2,0.0,12.5,0.0,87.5,81.2,,not-a-documented-initiator
AAC,15,0.131,0.143,0.1,0.0,0.0,100.0,80.0,0.0,0.0,0.0,100.0,80.0,,not-a-documented-initiator
CAT,15,0.188,0.143,0.15,0.0,13.3,86.7,86.7,0.0,6.7,0.0,93.3,86.7,,not-a-documented-initiator
CCT,14,0.25,0.286,0.304,0.0,35.7,64.3,78.6,0.0,42.9,0.0,57.1,78.6,,not-a-documented-initiator
CCA,14,0.283,0.286,0.339,7.1,21.4,71.4,71.4,0.0,42.9,0.0,57.1,71.4,,not-a-documented-initiator
TTA,13,0.236,0.143,0.269,0.0,30.8,69.2,92.3,0.0,23.1,0.0,76.9,92.3,,not-a-documented-initiator
TTC,13,0.129,0.143,0.135,0.0,0.0,100.0,84.6,0.0,0.0,0.0,100.0,84.6,3c,non-near-cognate
TTG,13,0.258,0.286,0.346,0.0,38.5,61.5,84.6,0.0,38.5,0.0,61.5,84.6,1,near-cognate
ATC,11,0.237,0.143,0.227,9.1,18.2,72.7,81.8,0.0,18.2,0.0,81.8,81.8,1,near-cognate
CGT,11,0.286,0.286,0.386,0.0,36.4,63.6,100.0,0.0,36.4,0.0,63.6,100.0,3c,non-near-cognate
TAT,11,0.292,0.286,0.318,0.0,27.3,72.7,81.8,0.0,18.2,0.0,81.8,81.8,,not-a-documented-initiator
TCA,11,0.279,0.286,0.318,0.0,36.4,63.6,81.8,0.0,36.4,0.0,63.6,81.8,3c,non-near-cognate
CGC,10,0.136,0.0,0.15,0.0,20.0,80.0,60.0,0.0,20.0,0.0,80.0,60.0,3c,non-near-cognate
TGC,10,0.182,0.196,0.15,0.0,10.0,90.0,40.0,0.0,10.0,0.0,90.0,40.0,,not-a-documented-initiator
ACG,9,0.278,0.286,0.306,0.0,33.3,66.7,44.4,0.0,44.4,0.0,55.6,44.4,1,near-cognate
CCG,8,0.219,0.072,0.219,12.5,12.5,75.0,62.5,0.0,25.0,0.0,75.0,62.5,,not-a-documented-initiator
CGG,8,0.232,0.214,0.219,0.0,37.5,62.5,87.5,0.0,37.5,0.0,62.5,87.5,3c,non-near-cognate
TGT,8,0.179,0.143,0.25,0.0,12.5,87.5,87.5,0.0,12.5,0.0,87.5,87.5,,not-a-documented-initiator
TCG,7,0.209,0.143,0.25,0.0,28.6,71.4,42.9,0.0,28.6,0.0,71.4,42.9,,not-a-documented-initiator
CGA,6,0.423,0.464,0.458,16.7,50.0,33.3,66.7,0.0,66.7,0.0,33.3,66.7,3b,non-near-cognate
TAC,6,0.167,0.143,0.125,0.0,0.0,100.0,100.0,0.0,0.0,0.0,100.0,100.0,,not-a-documented-initiator
