smorf_id	strand	outcome	n_peptides	old_thick	new_thick	new_cds_aa
A0A075B7B8	+	rephased	2	33802763-33802763	33803020-33803215	65
A0A075B7D0	-	rephased	1	21717807-21717807	22160423-22160519	32
A0A075B7E8	+	rephased	2	33827213-33827213	33827554-33827659	35
A0A075B7F0	+	rephased	1	32995047-32995047	32995311-32995503	64
A0A087WT94	+	rephased	1	22066877-22067648	22067532-22069261	132
A0A087WW72	+	rephased	1	46260790-46261015	46259965-46267608	255
A0A087WXN3	-	rephased	1	1986963-1990145	1986964-1990146	116
A0A087X0Y3	-	rephased	1	149058181-149063805	149058183-149063639	88
A0A096LP52	+	no_frame_holds_all_peptides	2			
A0A0A0MT69	-	rephased	1	88860885-88860885	88860886-88860922	12
A0A0A0MTA2	+	rephased	1	142796696-142796696	142796696-142796741	15
A0A0B4J2B8	-	rephased	1	19964665-19964665	19964667-19964949	94
A0A0J9YWI3	-	rephased	1	13675037-13701385	13675039-13693952	32
A0A0U1RQN3	+	rephased	1	58311315-58312314	58311313-58312312	85
A0A109PLW1	+	no_frame_holds_all_peptides	1			
A0A1B0GUT6	-	rephased	5	102405347-102409090	102405349-102409290	209
A0A1B0GUY8	+	rephased	1	126898935-126899427	126898933-126899425	131
A0A286YF95	-	rephased	1	86103212-86159417	86103214-86107246	18
A0A286YFE1	+	rephased	1	119721317-119734676	119727096-119734675	16
A0A2R8Y677	-	rephased	1	39343179-39343239	39343181-39343241	20
A0A2R8Y6S7	-	rephased	1	66596846-67069106	66596847-67069107	46
A0A2R8Y7W1	+	rephased	1	181776101-181783784	181779464-181783783	60
A0A2R8YEI8	+	rephased	1	31802752-31804219	31802750-31804217	48
A0A3B3IRP2	-	rephased	1	7203551-7211697	7203553-7211699	129
A0A494BZW4	+	rephased	1	50141854-50177128	50145115-50201115	290
A0A494C0H6	+	rephased	1	140114182-140114500	140114181-140115147	322
A0A590UJI2	-	rephased	1	47161722-47162587	47160778-47161771	25
A0A5F9ZGW6	-	rephased	8	32209488-32428130	32209489-32428131	120
A0A7I2V345	-	rephased	1	42242182-42242464	42242183-42242465	50
A0A7I2YQU1	-	rephased	1	119912703-119916173	119912704-119916168	57
A0A8I5KTA1	+	rephased	1	43765527-43766910	43766734-43768597	95
A0A8V8TP99	+	rephased	1	228097115-228097452	228097177-228097451	65
A0A8V8TPG9	+	rephased	1	228097115-228097199	228097165-228097615	104
A0N4Z7	+	rephased	1	22533496-22533496	22533496-22533559	21
A6PVN8	+	rephased	1	129120587-129134827	129120586-129134826	129
B0AZT5	-	rephased	2	113721759-113721759	113723383-113723464	27
B1B1G6	+	rephased	1	103776996-103786682	103776995-103786753	160
B4DM50	+	rephased	1	197540380-197540380	197540380-197540458	26
B4DQX9	+	no_frame_holds_all_peptides	1			
B7ZBR9	+	rephased	1	113014772-113064311	113001283-113064309	186
C9J3P9	-	rephased	1	146206586-146222069	146196707-146206708	104
C9J473	-	rephased	2	27311934-27313099	27309914-27313101	150
C9J6N9	-	rephased	2	19467872-19475588	19467814-19479085	160
C9J6V4	+	rephased	1	142907770-143037223	142932107-143037221	27
C9J7B1	+	rephased	1	55982257-55984877	55983760-55984876	46
C9J7H8	-	rephased	1	21643945-21654669	21643947-21646956	73
C9JAD7	+	rephased	1	111217683-111217800	111217681-111217885	68
C9JB55	+	rephased	1	133748502-133754528	133748500-133754658	119
C9JDL2	-	rephased	3	219251586-219252785	219251588-219252991	187
C9JFS8	+	rephased	1	43594219-43595018	43594945-43595017	24
C9JG93	+	rephased	1	241324234-241326051	241324232-241335235	80
C9JH37	+	rephased	1	319778-328223	319818-365999	515
C9JNQ3	-	rephased	1	76332286-76383888	76332287-76383889	104
C9JRL4	+	rephased	1	63595457-63599288	63595455-63606984	289
C9JWG0	+	rephased	1	63856321-63884003	63882570-63884001	41
C9JY37	-	rephased	1	167621468-167653424	167621469-167653425	113
C9JZ81	+	rephased	1	216113035-216119108	216113033-216127634	286
C9JZR7	-	rephased	1	5529215-5529655	5529047-5529280	44
C9K068	+	rephased	1	55982258-55994938	55984855-55999069	88
C9K0I9	+	rephased	1	191276897-191296226	191276952-191350290	190
D6R960	+	rephased	2	175878740-175879998	175879038-175879997	65
D6RAR7	-	rephased	2	15523054-15533356	15522977-15585761	195
D6RBG2	-	rephased	1	141868953-141869403	141868955-141869348	131
D6RC54	+	rephased	1	96742662-96750621	96742660-96750619	91
D6RCR6	+	rephased	1	43615860-43616034	43615994-43616033	13
D6RDG7	+	rephased	1	175492105-175510207	175509188-175510208	38
D6RDM7	+	rephased	1	39698328-39778384	39777795-39778383	13
D6RF44	-	rephased	2	82357436-82359633	82357438-82358757	35
D6RGJ3	+	rephased	1	72107532-72183823	72107531-72195248	631
D6RGV5	-	rephased	1	75240300-75243733	75240301-75241908	87
E5RFU0	-	rephased	1	83662346-83707926	83662347-83665456	31
E5RG43	-	rephased	1	85333526-85341634	85333527-85341635	149
E5RGG6	-	rephased	1	133262046-133264551	133259166-133264553	64
E5RIF9	-	rephased	1	85333529-85341634	85333527-85341635	149
E5RJR0	-	rephased	1	151137308-151147900	151137309-151138728	21
E5RJR4	+	rephased	1	160422588-160424294	160422587-160424293	121
E5RK23	-	rephased	1	111714370-111720049	111702879-111720051	234
E5RK27	+	rephased	3	42394259-42401886	42394242-42401884	113
E7ESK7	-	rephased	1	100924921-100948888	100924113-100924973	81
E7EUS7	+	rephased	1	36608424-36629572	36629532-36629667	45
E9PEW8	-	rephased	1	5233992-5234432	5232690-5234140	86
E9PJL7	-	rephased	1	111908902-111911722	111908766-111910449	108
E9PJL9	+	rephased	1	67608701-67610460	67609569-67611928	183
E9PJN9	+	rephased	1	75404048-75404156	75404116-75404862	94
E9PM95	-	rephased	1	36228031-36233160	36227982-36228225	81
E9PN15	-	rephased	1	109011575-109013865	109011577-109013867	56
E9PNH7	-	rephased	3	111908770-111910447	111908766-111910449	108
E9PNP3	+	rephased	1	77841185-77841185	77841185-77841299	38
E9PQ82	-	rephased	1	110264044-110272597	110264045-110272598	116
E9PQB7	-	rephased	1	65855417-65856192	65855419-65855699	25
E9PS23	-	rephased	1	65855973-65858097	65855933-65856026	31
F5GY40	+	rephased	2	4653565-4657812	4654892-4657810	31
F5GZG1	+	rephased	2	68652023-68657150	68611032-68657184	135
F5H077	+	rephased	1	68648726-68654182	68654141-68656461	89
F5H265	-	rephased	2	124913322-124913769	124913240-124913771	177
F5H292	-	rephased	1	30684300-30688454	30684302-30688474	90
F5H3K7	-	rephased	1	73677943-73760633	73677945-73760635	71
F5H4I5	+	rephased	1	230873484-230876960	230875691-230876967	76
F5H6I6	+	rephased	1	67281914-67292644	67281913-67292961	160
F5H6T5	-	rephased	1	48940103-48941093	48903748-48941032	185
F5H867	+	rephased	1	62881023-62881023	62881305-62881719	138
F6SXL5	-	rephased	1	31538830-31541194	31538831-31541195	136
F8VRZ4	-	no_frame_holds_all_peptides	1			
F8VTR7	+	rephased	1	112847815-112866839	112847813-112866837	80
F8VVJ4	+	rephased	1	49752495-49758686	49758413-49758684	23
F8VW30	+	rephased	1	48122776-48132980	48131381-48135161	247
F8VWU4	-	rephased	1	42128691-42130500	42128552-42130502	138
F8VX68	-	rephased	1	56282447-56285916	56276165-56283836	132
F8W060	-	rephased	2	76450900-76487549	76450902-76487551	52
F8W6P5	-	rephased	2	5226619-5227019	5226558-5226726	56
F8W7T0	+	rephased	1	116249163-116250288	116210729-116250286	128
F8W9K7	+	rephased	1	68032152-68033284	68033118-68033424	102
G3V2X9	-	rephased	1	68904701-68925580	68904703-68912207	84
G3V361	+	rephased	1	90401333-90404496	90404465-90404714	25
G3V4Y8	+	rephased	2	50591550-50613286	50588066-50621938	272
G3V542	+	rephased	1	89933518-89934806	89933517-89935801	378
H0Y8M3	+	rephased	1	37058904-37063978	37063946-37063976	10
H0YE44	-	rephased	1	10804296-10807293	10804298-10808717	121
H0YE90	-	rephased	1	143614862-143616151	143614864-143616462	136
H0YLI6	+	rephased	1	78157609-78162310	78161618-78162308	75
H0YNE7	+	rephased	1	49424472-49484460	49423429-49484459	136
H3BN34	-	rephased	1	72218942-72219095	72218944-72219010	22
H3BPV0	-	no_frame_holds_all_peptides	1			
H3BRM6	+	rephased	1	109688236-109690319	109688235-109693292	184
H3BUU3	+	rephased	1	28882502-28882580	28882501-28903701	869
H7C490	+	rephased	1	184834674-184834674	184838713-184838746	11
H7C516	+	rephased	1	45068494-45072786	45068495-45072784	134
I3L0P6	-	rephased	1	3679734-3686044	3677499-3686046	94
I3L1S3	+	rephased	1	82905957-82921576	82905955-82926438	198
I3L1Z0	+	rephased	1	24092818-24113065	23837222-24113063	189
I3L266	+	rephased	1	80221561-80225916	80221707-80225915	84
I3L3E4	+	rephased	1	80995104-80999145	80991634-80999144	191
I3NI53	-	rephased	1	21258780-21258780	21269741-21269891	50
J3KT46	+	rephased	1	8312040-8312388	8312207-8312741	178
J3QKK1	-	rephased	1	28574963-28575531	28573246-28575329	113
J3QQY7	+	no_frame_holds_all_peptides	2			
K4DIB4	-	rephased	1	794462-795004	794260-794777	85
K7EKD1	-	rephased	5	44911673-44913315	44911671-44913589	149
K7EM38	-	rephased	1	81510689-81510689	81511131-81511596	155
K7ER88	-	rephased	1	49795810-49802702	49795776-49802704	84
K7ES78	+	rephased	1	36141012-36142307	36141185-36142306	14
M0QX69	-	rephased	1	58556140-58556740	58556142-58556742	69
M0QY85	-	rephased	1	6496175-6502210	6495166-6501347	372
M0R0I9	+	rephased	1	53889738-53891827	53891699-53891825	42
M0R128	-	rephased	1	14515939-14515939	14516438-14516846	136
M0R140	+	rephased	1	41860775-41869084	41860774-41869083	102
M0R1A0	-	rephased	1	45940893-45953847	45940894-45953848	40
M0R2K6	-	rephased	1	4366502-4366932	4361602-4366934	285
M1EA23	+	rephased	1	158795372-158795372	158807611-158807824	71
Q5T7N0	+	rephased	1	92833622-92837469	92836207-92841835	174
Q5TAQ6	-	rephased	1	160240297-160244006	160217594-160240344	572
Q5TBU2	+	rephased	1	86968546-86970530	86968544-86970528	38
U3KPR7	+	rephased	1	36142912-36146228	36143122-36146278	79
U3KPS5	+	rephased	1	6869107-6869295	6869105-6869293	38
V9GYL3	+	rephased	1	46035028-46037275	46029128-46037274	150
