accession	gene_name	frame_shift	old_cds_nt	new_cds_nt	protein_aa	fasta_aa	internal_stops_before	ends_in_stop	runs_off_tx_3prime	old_cds	new_cds
A0A087WW72		1	225	225	75	75	4	FALSE	TRUE	46260791-46261015	46260790-46261014
A0A087WXN3		1	348	348	116	116	1	FALSE	TRUE	1986964-1986976,1987166-1987253,1987500-1987692,1990092-1990145	1986965-1986976,1987166-1987253,1987500-1987692,1990092-1990146
A0A0J9YWI3		2	231	231	77	77	3	FALSE	TRUE	13675038-13675044,13693482-13693517,13693898-13694039,13701340-13701385	13675040-13675044,13693482-13693517,13693898-13694039,13701340-13701387
A0A0U1RQN3		2	255	255	85	85	2	FALSE	TRUE	58311316-58311380,58312021-58312061,58312166-58312314	58311314-58311380,58312021-58312061,58312166-58312312
A0A1B0GUT6		2	429	429	143	143	3	FALSE	TRUE	102405348-102405536,102407223-102407266,102408895-102409090	102405350-102405536,102407223-102407266,102408895-102409092
A0A1B0GUY8		2	393	393	131	131	9	FALSE	TRUE	126898936-126899117,126899217-126899427	126898934-126899117,126899217-126899425
A0A286YF95		2	282	282	94	94	6	FALSE	TRUE	86103213-86103244,86107223-86107352,86159298-86159417	86103215-86103244,86107223-86107352,86159298-86159419
A0A286YFE1		1	267	267	89	89	7	FALSE	TRUE	119721318-119721321,119723376-119723441,119726851-119726905,119727004-119727102,119734634-119734676	119721317-119721321,119723376-119723441,119726851-119726905,119727004-119727102,119734634-119734675
A0A2R8Y677		2	60	60	20	20	4	FALSE	TRUE	39343180-39343239	39343182-39343241
A0A2R8Y6S7		1	138	138	46	46	1	FALSE	TRUE	66596847-66596927,67069050-67069106	66596848-66596927,67069050-67069107
A0A2R8Y7W1		1	330	330	110	110	8	FALSE	TRUE	181776102-181776228,181779443-181779539,181783679-181783784	181776101-181776228,181779443-181779539,181783679-181783783
A0A2R8YEI8		2	144	144	48	48	2	FALSE	TRUE	31802753-31802838,31804162-31804219	31802751-31802838,31804162-31804217
A0A3B3IRP2		2	387	387	129	129	6	FALSE	TRUE	7203552-7203593,7203692-7203816,7204008-7204067,7204199-7204252,7208174-7208239,7211658-7211697	7203554-7203593,7203692-7203816,7204008-7204067,7204199-7204252,7208174-7208239,7211658-7211699
A0A494BZW4		2	285	285	95	95	5	FALSE	TRUE	50141855-50141858,50144957-50145197,50177089-50177128	50141853-50141858,50144957-50145197,50177089-50177126
A0A494C0H6		1	318	318	106	106	2	FALSE	TRUE	140114183-140114500	140114182-140114499
A0A590UJI2		1	312	312	104	104	11	FALSE	TRUE	47161723-47161858,47162286-47162392,47162519-47162587	47161724-47161858,47162286-47162392,47162519-47162588
A0A5F9ZGW6		1	360	360	120	120	3	FALSE	TRUE	32209489-32209539,32427822-32428130	32209490-32209539,32427822-32428131
A0A7I2V345		1	150	150	50	50	2	FALSE	TRUE	42242183-42242239,42242372-42242464	42242184-42242239,42242372-42242465
A0A7I2YQU1		1	177	177	59	59	3	FALSE	TRUE	119912704-119912750,119916044-119916173	119912705-119912750,119916044-119916174
A0A8I5KTA1		2	348	348	116	116	10	FALSE	TRUE	43765528-43765566,43765887-43766012,43766728-43766910	43765526-43765566,43765887-43766012,43766728-43766908
A0A8V8TP99		1	258	258	86	86	2	FALSE	TRUE	228097116-228097262,228097342-228097452	228097115-228097262,228097342-228097451
A6PVN8		1	387	387	129	129	4	FALSE	TRUE	129120588-129120610,129123052-129123138,129128985-129129110,129131522-129131639,129134795-129134827	129120587-129120610,129123052-129123138,129128985-129129110,129131522-129131639,129134795-129134826
B1B1G6		1	408	408	136	136	6	FALSE	TRUE	103776997-103776999,103785582-103785768,103786465-103786682	103776996-103776999,103785582-103785768,103786465-103786681
B7ZBR9		2	408	408	136	136	4	FALSE	TRUE	113014773-113014846,113024644-113024758,113045271-113045361,113060593-113060712,113064304-113064311	113014771-113014846,113024644-113024758,113045271-113045361,113060593-113060712,113064304-113064309
C9J3P9		2	291	291	97	97	4	FALSE	TRUE	146206587-146206761,146220815-146220925,146222065-146222069	146206589-146206761,146220815-146220925,146222065-146222071
C9J473		2	345	345	115	115	3	FALSE	TRUE	27311935-27311951,27312214-27312246,27312494-27312589,27312680-27312772,27312994-27313099	27311937-27311951,27312214-27312246,27312494-27312589,27312680-27312772,27312994-27313101
C9J6N9		2	405	405	135	135	7	FALSE	TRUE	19467873-19468003,19471687-19471808,19475068-19475100,19475470-19475588	19467875-19468003,19471687-19471808,19475068-19475100,19475470-19475590
C9J6V4		2	273	273	91	91	5	FALSE	TRUE	142907771-142907804,142913199-142913293,142932047-142932125,143014080-143014116,143037196-143037223	142907769-142907804,142913199-142913293,142932047-142932125,143014080-143014116,143037196-143037221
C9J7B1		1	195	195	65	65	2	FALSE	TRUE	55982258-55982280,55983728-55983868,55984847-55984877	55982257-55982280,55983728-55983868,55984847-55984876
C9J7H8		2	408	408	136	136	11	FALSE	TRUE	21643946-21644108,21646899-21647016,21654543-21654669	21643948-21644108,21646899-21647016,21654543-21654671
C9JAD7		2	117	117	39	39	4	FALSE	TRUE	111217684-111217800	111217682-111217798
C9JB55		2	225	225	75	75	3	FALSE	TRUE	133748503-133748584,133753595-133753703,133754495-133754528	133748501-133748584,133753595-133753703,133754495-133754526
C9JDL2		2	357	357	119	119	7	FALSE	TRUE	219251587-219251713,219252008-219252230,219252779-219252785	219251589-219251713,219252008-219252230,219252779-219252787
C9JFS8		1	288	288	96	96	1	FALSE	TRUE	43594220-43594367,43594879-43595018	43594219-43594367,43594879-43595017
C9JG93		2	66	66	22	22	1	FALSE	TRUE	241324235-241324241,241325993-241326051	241324233-241324241,241325993-241326049
C9JH37		2	252	252	84	84	7	FALSE	TRUE	319779-319867,325959-326064,328167-328223	319777-319867,325959-326064,328167-328221
C9JNQ3		1	312	312	104	104	5	FALSE	TRUE	76332287-76332435,76344671-76344737,76348529-76348581,76383846-76383888	76332288-76332435,76344671-76344737,76348529-76348581,76383846-76383889
C9JRL4		2	357	357	119	119	5	FALSE	TRUE	63595458-63595519,63597399-63597574,63599170-63599288	63595456-63595519,63597399-63597574,63599170-63599286
C9JWG0		2	450	450	150	150	11	FALSE	TRUE	63856322-63856433,63857829-63857936,63882466-63882651,63883960-63884003	63856320-63856433,63857829-63857936,63882466-63882651,63883960-63884001
C9JY37		1	339	339	113	113	8	FALSE	TRUE	167621469-167621643,167653261-167653424	167621470-167621643,167653261-167653425
C9JZ81		2	393	393	131	131	12	FALSE	TRUE	216113036-216113129,216116659-216116842,216117746-216117794,216119043-216119108	216113034-216113129,216116659-216116842,216117746-216117794,216119043-216119106
C9JZR7		2	306	306	102	102	3	FALSE	TRUE	5529216-5529400,5529535-5529655	5529218-5529400,5529535-5529657
C9K068		2	240	240	80	80	9	FALSE	TRUE	55982259-55982280,55983728-55983868,55984847-55984878,55994894-55994938	55982257-55982280,55983728-55983868,55984847-55984878,55994894-55994936
C9K0I9		2	249	249	83	83	5	FALSE	TRUE	191276898-191277030,191296111-191296226	191276896-191277030,191296111-191296224
D6R960		1	357	357	119	119	3	FALSE	TRUE	175878741-175878770,175878908-175879083,175879848-175879998	175878740-175878770,175878908-175879083,175879848-175879997
D6RAR7		1	426	426	142	142	8	FALSE	TRUE	15523055-15523219,15524526-15524669,15533240-15533356	15523056-15523219,15524526-15524669,15533240-15533357
D6RBG2		2	450	450	150	150	6	FALSE	TRUE	141868954-141869403	141868956-141869405
D6RC54		2	273	273	91	91	15	FALSE	TRUE	96742663-96742756,96747345-96747392,96748518-96748613,96750587-96750621	96742661-96742756,96747345-96747392,96748518-96748613,96750587-96750619
D6RCR6		1	174	174	58	58	4	FALSE	TRUE	43615861-43616034	43615860-43616033
D6RDG7		2	432	432	144	144	8	FALSE	TRUE	175492106-175492267,175509032-175509202,175510109-175510207	175492104-175492267,175509032-175509202,175510109-175510205
D6RDM7		1	369	369	123	123	10	FALSE	TRUE	39698329-39698390,39737420-39737513,39745752-39745810,39777682-39777810,39778360-39778384	39698328-39698390,39737420-39737513,39745752-39745810,39777682-39777810,39778360-39778383
D6RF44		2	333	333	111	111	10	FALSE	TRUE	82357437-82357444,82358659-82358820,82359471-82359633	82357439-82357444,82358659-82358820,82359471-82359635
D6RGJ3		1	366	366	122	122	4	FALSE	TRUE	72107533-72107715,72115698-72115799,72183743-72183823	72107532-72107715,72115698-72115799,72183743-72183822
D6RGV5		1	309	309	103	103	4	FALSE	TRUE	75240301-75240385,75241176-75241265,75241822-75241938,75243717-75243733	75240302-75240385,75241176-75241265,75241822-75241938,75243717-75243734
E5RFU0		1	348	348	116	116	5	FALSE	TRUE	83662347-83662422,83665439-83665581,83707798-83707926	83662348-83662422,83665439-83665581,83707798-83707927
E5RG43		1	447	447	149	149	5	FALSE	TRUE	85333527-85333620,85336945-85337063,85338252-85338449,85341599-85341634	85333528-85333620,85336945-85337063,85338252-85338449,85341599-85341635
E5RIF9		1	444	444	148	148	4	FALSE	TRUE	85333530-85333620,85336945-85337063,85338252-85338449,85341599-85341634	85333531-85333620,85336945-85337063,85338252-85338449,85341599-85341635
E5RJR0		1	330	330	110	110	7	FALSE	TRUE	151137309-151137321,151138678-151138791,151139353-151139447,151140153-151140243,151147884-151147900	151137310-151137321,151138678-151138791,151139353-151139447,151140153-151140243,151147884-151147901
E5RJR4		1	363	363	121	121	4	FALSE	TRUE	160422589-160422893,160424237-160424294	160422588-160422893,160424237-160424293
E5RK23		2	318	318	106	106	5	FALSE	TRUE	111714371-111714443,111719805-111720049	111714373-111714443,111719805-111720051
E5RK27		2	324	324	108	108	10	FALSE	TRUE	42394260-42394278,42398712-42398864,42399651-42399703,42401788-42401886	42394258-42394278,42398712-42398864,42399651-42399703,42401788-42401884
E7ESK7		1	411	411	137	137	7	FALSE	TRUE	100924922-100925039,100948596-100948888	100924923-100925039,100948596-100948889
E7EUS7		1	303	303	101	101	4	FALSE	TRUE	36608425-36608604,36629450-36629572	36608424-36608604,36629450-36629571
E9PEW8		1	312	312	104	104	5	FALSE	TRUE	5233993-5234213,5234342-5234432	5233994-5234213,5234342-5234433
E9PJL7		2	387	387	129	129	8	FALSE	TRUE	111908903-111908967,111910327-111910449,111911524-111911722	111908905-111908967,111910327-111910449,111911524-111911724
E9PJL9		2	285	285	95	95	6	FALSE	TRUE	67608702-67608722,67609452-67609635,67610381-67610460	67608700-67608722,67609452-67609635,67610381-67610458
E9PJN9		1	108	108	36	36	3	FALSE	TRUE	75404049-75404156	75404048-75404155
E9PM95		2	384	384	128	128	12	FALSE	TRUE	36228032-36228280,36231340-36231466,36233153-36233160	36228034-36228280,36231340-36231466,36233153-36233162
E9PN15		2	168	168	56	56	6	FALSE	TRUE	109011576-109011718,109013841-109013865	109011578-109011718,109013841-109013867
E9PQ82		1	348	348	116	116	7	FALSE	TRUE	110264045-110264234,110264779-110264874,110272536-110272597	110264046-110264234,110264779-110264874,110272536-110272598
E9PQB7		2	366	366	122	122	7	FALSE	TRUE	65855418-65855448,65855654-65855730,65855935-65856192	65855420-65855448,65855654-65855730,65855935-65856194
E9PS23		2	270	270	90	90	6	FALSE	TRUE	65855974-65856242,65858097-65858097	65855976-65856242,65858097-65858099
F5GY40		2	447	447	149	149	7	FALSE	TRUE	4653566-4653678,4654292-4654462,4654825-4654922,4657748-4657812	4653564-4653678,4654292-4654462,4654825-4654922,4657748-4657810
F5GZG1		2	363	363	121	121	13	FALSE	TRUE	68652024-68652051,68654112-68654252,68656306-68656449,68657101-68657150	68652022-68652051,68654112-68654252,68656306-68656449,68657101-68657148
F5H077		2	252	252	84	84	5	FALSE	TRUE	68648727-68648781,68650400-68650468,68651995-68652051,68654112-68654182	68648725-68648781,68650400-68650468,68651995-68652051,68654112-68654180
F5H265		2	447	447	149	149	10	FALSE	TRUE	124913323-124913769	124913325-124913771
F5H292		2	252	252	84	84	3	FALSE	TRUE	30684301-30684457,30688360-30688454	30684303-30684457,30688360-30688456
F5H3K7		2	213	213	71	71	3	FALSE	TRUE	73677944-73677962,73679654-73679720,73730765-73730823,73760566-73760633	73677946-73677962,73679654-73679720,73730765-73730823,73760566-73760635
F5H4I5		2	366	366	122	122	5	FALSE	TRUE	230873485-230873557,230875620-230875808,230876857-230876960	230873483-230873557,230875620-230875808,230876857-230876958
F5H6I6		1	162	162	54	54	9	FALSE	TRUE	67281915-67282053,67292622-67292644	67281914-67282053,67292622-67292643
F6SXL5		1	408	408	136	136	1	FALSE	TRUE	31538831-31538855,31539147-31539274,31540322-31540534,31541153-31541194	31538832-31538855,31539147-31539274,31540322-31540534,31541153-31541195
F8VTR7		2	240	240	80	80	3	FALSE	TRUE	112847816-112847842,112865414-112865543,112866757-112866839	112847814-112847842,112865414-112865543,112866757-112866837
F8VVJ4		2	435	435	145	145	6	FALSE	TRUE	49752496-49752549,49752973-49753081,49755635-49755755,49758227-49758275,49758383-49758480,49758683-49758686	49752494-49752549,49752973-49753081,49755635-49755755,49758227-49758275,49758383-49758480,49758683-49758684
F8VW30		2	348	348	116	116	2	FALSE	TRUE	48122777-48122859,48130363-48130436,48131316-48131393,48132868-48132980	48122775-48122859,48130363-48130436,48131316-48131393,48132868-48132978
F8VWU4		2	273	273	91	91	3	FALSE	TRUE	42128692-42128800,42130337-42130500	42128694-42128800,42130337-42130502
F8VX68		2	360	360	120	120	10	FALSE	TRUE	56282448-56282608,56282860-56282991,56283792-56283857,56285916-56285916	56282450-56282608,56282860-56282991,56283792-56283857,56285916-56285918
F8W060		2	156	156	52	52	4	FALSE	TRUE	76450901-76450979,76459859-76459895,76487510-76487549	76450903-76450979,76459859-76459895,76487510-76487551
F8W6P5		2	270	270	90	90	8	FALSE	TRUE	5226620-5226799,5226930-5227019	5226622-5226799,5226930-5227021
F8W7T0		2	237	237	79	79	3	FALSE	TRUE	116249164-116249272,116250161-116250288	116249162-116249272,116250161-116250286
F8W9K7		1	372	372	124	124	7	FALSE	TRUE	68032153-68032209,68032286-68032336,68032923-68033012,68033111-68033284	68032152-68032209,68032286-68032336,68032923-68033012,68033111-68033283
G3V2X9		2	432	432	144	144	3	FALSE	TRUE	68904702-68904736,68909318-68909396,68909955-68910042,68912156-68912242,68921006-68921125,68925558-68925580	68904704-68904736,68909318-68909396,68909955-68910042,68912156-68912242,68921006-68921125,68925558-68925582
G3V361		1	294	294	98	98	10	FALSE	TRUE	90401334-90401402,90403862-90403968,90404379-90404496	90401333-90401402,90403862-90403968,90404379-90404495
G3V4Y8		1	225	225	75	75	4	FALSE	TRUE	50591551-50591639,50593846-50593896,50595576-50595632,50613259-50613286	50591550-50591639,50593846-50593896,50595576-50595632,50613259-50613285
H0Y8M3		2	450	450	150	150	6	FALSE	TRUE	37058905-37059165,37063790-37063978	37058903-37059165,37063790-37063976
H0YE90		2	99	99	33	33	1	FALSE	TRUE	143614863-143614915,143616106-143616151	143614865-143614915,143616106-143616153
H0YLI6		2	402	402	134	134	8	FALSE	TRUE	78157610-78157631,78160092-78160206,78161581-78161768,78162234-78162310	78157608-78157631,78160092-78160206,78161581-78161768,78162234-78162308
H0YNE7		1	366	366	122	122	9	FALSE	TRUE	49424473-49424583,49483151-49483254,49484310-49484460	49424472-49424583,49483151-49483254,49484310-49484459
H3BN34		2	153	153	51	51	4	FALSE	TRUE	72218943-72219095	72218945-72219097
H3BRM6		1	306	306	102	102	5	FALSE	TRUE	109688237-109688245,109688673-109688737,109689048-109689129,109689225-109689325,109690271-109690319	109688236-109688245,109688673-109688737,109689048-109689129,109689225-109689325,109690271-109690318
I3L1S3		2	351	351	117	117	5	FALSE	TRUE	82905958-82906053,82907761-82907821,82909285-82909307,82911758-82911789,82920556-82920618,82921501-82921576	82905956-82906053,82907761-82907821,82909285-82909307,82911758-82911789,82920556-82920618,82921501-82921574
I3L1Z0		2	357	357	119	119	10	FALSE	TRUE	24092819-24092947,24094163-24094297,24112973-24113065	24092817-24092947,24094163-24094297,24112973-24113063
I3L266		1	399	399	133	133	3	FALSE	TRUE	80221562-80221794,80223252-80223337,80225837-80225916	80221561-80221794,80223252-80223337,80225837-80225915
I3L3E4		1	339	339	113	113	7	FALSE	TRUE	80995105-80995106,80995672-80995758,80997007-80997072,80997261-80997341,80998366-80998420,80999098-80999145	80995104-80995106,80995672-80995758,80997007-80997072,80997261-80997341,80998366-80998420,80999098-80999144
J3QKK1		1	366	366	122	122	5	FALSE	TRUE	28574964-28575006,28575123-28575334,28575421-28575531	28574965-28575006,28575123-28575334,28575421-28575532
K4DIB4		2	195	195	65	65	2	FALSE	TRUE	794463-794513,794776-794901,794987-795004	794465-794513,794776-794901,794987-795006
K7EKD1		1	171	171	57	57	2	FALSE	TRUE	44911674-44911797,44913269-44913315	44911675-44911797,44913269-44913316
K7ER88		2	216	216	72	72	4	FALSE	TRUE	49795811-49795881,49797466-49797594,49802687-49802702	49795813-49795881,49797466-49797594,49802687-49802704
K7ES78		1	216	216	72	72	3	FALSE	TRUE	36141013-36141220,36142300-36142307	36141012-36141220,36142300-36142306
M0QX69		2	207	207	69	69	2	FALSE	TRUE	58556141-58556229,58556316-58556379,58556687-58556740	58556143-58556229,58556316-58556379,58556687-58556742
M0QY85		2	321	321	107	107	2	FALSE	TRUE	6496176-6496221,6501287-6501397,6501515-6501623,6502156-6502210	6496178-6496221,6501287-6501397,6501515-6501623,6502156-6502212
M0QZ80		1	402	402	134	134	3	FALSE	TRUE	50511732-50511773,50512136-50512290,50512360-50512564	50511733-50511773,50512136-50512290,50512360-50512565
M0R0I9		2	297	297	99	99	5	FALSE	TRUE	53889739-53889749,53889886-53890017,53891674-53891827	53889737-53889749,53889886-53890017,53891674-53891825
M0R140		1	306	306	102	102	4	FALSE	TRUE	41860776-41860845,41861112-41861212,41861480-41861560,41869031-41869084	41860775-41860845,41861112-41861212,41861480-41861560,41869031-41869083
M0R1A0		1	120	120	40	40	4	FALSE	TRUE	45940894-45940945,45953780-45953847	45940895-45940945,45953780-45953848
Q5T7N0		1	390	390	130	130	10	FALSE	TRUE	92833623-92833660,92834779-92834913,92836190-92836392,92837456-92837469	92833622-92833660,92834779-92834913,92836190-92836392,92837456-92837468
Q5TAQ6		2	120	120	40	40	4	FALSE	TRUE	160240298-160240370,160243960-160244006	160240300-160240370,160243960-160244008
Q5TBU2		2	114	114	38	38	1	FALSE	TRUE	86968547-86968605,86970476-86970530	86968545-86968605,86970476-86970528
U3KPR7		1	300	300	100	100	5	FALSE	TRUE	36142913-36142966,36143064-36143128,36145806-36145874,36145976-36146054,36146196-36146228	36142912-36142966,36143064-36143128,36145806-36145874,36145976-36146054,36146196-36146227
U3KPS5		2	114	114	38	38	1	FALSE	TRUE	6869108-6869183,6869258-6869295	6869106-6869183,6869258-6869293
V9GYL3		1	369	369	123	123	1	FALSE	TRUE	46035029-46035042,46035404-46035535,46035777-46035923,46036741-46036795,46037255-46037275	46035028-46035042,46035404-46035535,46035777-46035923,46036741-46036795,46037255-46037274
